TAP version 13
# (node:48514) [MODULE_TYPELESS_PACKAGE_JSON] Warning: Module type of file:///Users/adamowens/.codex/worktrees/b3ce/causent/lib/__tests__/drift.test.ts is not specified and it doesn't parse as CommonJS.
# Reparsing as ES module because module syntax was detected. This incurs a performance overhead.
# To eliminate this warning, add "type": "module" to /Users/adamowens/.codex/worktrees/b3ce/causent/package.json.
# (Use `node --trace-warnings ...` to show where the warning was created)
# Subtest: presentDrift
    # Subtest: FIRED down → fact-shaped fired presentation, neutral magnitude
    ok 1 - FIRED down → fact-shaped fired presentation, neutral magnitude
      ---
      duration_ms: 0.407083
      type: 'test'
      ...
    # Subtest: FIRED up → UP label and up direction
    ok 2 - FIRED up → UP label and up direction
      ---
      duration_ms: 0.104916
      type: 'test'
      ...
    # Subtest: moveLabel rounds the magnitude and is metric-format-independent
    ok 3 - moveLabel rounds the magnitude and is metric-format-independent
      ---
      duration_ms: 0.054
      type: 'test'
      ...
    # Subtest: NO_BASELINE_YET → gathering
    ok 4 - NO_BASELINE_YET → gathering
      ---
      duration_ms: 0.045208
      type: 'test'
      ...
    # Subtest: NOT_FIRED → none
    ok 5 - NOT_FIRED → none
      ---
      duration_ms: 0.036625
      type: 'test'
      ...
    # Subtest: null / undefined drift → none (never throws)
    ok 6 - null / undefined drift → none (never throws)
      ---
      duration_ms: 0.037417
      type: 'test'
      ...
    # Subtest: missing direction falls back to the sign of the move
    ok 7 - missing direction falls back to the sign of the move
      ---
      duration_ms: 0.036875
      type: 'test'
      ...
    1..7
ok 1 - presentDrift
  ---
  duration_ms: 1.245042
  type: 'suite'
  ...
# (node:48515) [MODULE_TYPELESS_PACKAGE_JSON] Warning: Module type of file:///Users/adamowens/.codex/worktrees/b3ce/causent/lib/__tests__/predictions.test.ts is not specified and it doesn't parse as CommonJS.
# Reparsing as ES module because module syntax was detected. This incurs a performance overhead.
# To eliminate this warning, add "type": "module" to /Users/adamowens/.codex/worktrees/b3ce/causent/package.json.
# (Use `node --trace-warnings ...` to show where the warning was created)
# Subtest: validatePrediction
    # Subtest: accepts a complete human commitment
    ok 1 - accepts a complete human commitment
      ---
      duration_ms: 0.691834
      type: 'test'
      ...
    # Subtest: rejects a missing metric, bad direction, and non-positive magnitude
    ok 2 - rejects a missing metric, bad direction, and non-positive magnitude
      ---
      duration_ms: 0.149584
      type: 'test'
      ...
    # Subtest: rejects NaN/Infinity magnitudes and malformed dates
    ok 3 - rejects NaN/Infinity magnitudes and malformed dates
      ---
      duration_ms: 0.059708
      type: 'test'
      ...
    1..3
ok 2 - validatePrediction
  ---
  duration_ms: 1.328917
  type: 'suite'
  ...
# Subtest: predictionWarnings — UNATTRIBUTED
    # Subtest: warns when no lever is mapped
    ok 1 - warns when no lever is mapped
      ---
      duration_ms: 0.093667
      type: 'test'
      ...
    # Subtest: stays silent when a lever is mapped
    ok 2 - stays silent when a lever is mapped
      ---
      duration_ms: 0.49975
      type: 'test'
      ...
    1..2
ok 3 - predictionWarnings — UNATTRIBUTED
  ---
  duration_ms: 0.78075
  type: 'suite'
  ...
# Subtest: leverChange — one lever per decision (v1)
    # Subtest: set / replace / noop
    ok 1 - set / replace / noop
      ---
      duration_ms: 0.185
      type: 'test'
      ...
    1..1
ok 4 - leverChange — one lever per decision (v1)
  ---
  duration_ms: 0.380959
  type: 'suite'
  ...
# Subtest: validateRevision — a revision is data, not a failure
    # Subtest: requires a positive magnitude AND a logged reason
    ok 1 - requires a positive magnitude AND a logged reason
      ---
      duration_ms: 0.126084
      type: 'test'
      ...
    1..1
ok 5 - validateRevision — a revision is data, not a failure
  ---
  duration_ms: 0.178167
  type: 'suite'
  ...
# Subtest: verdict presentation map
    # Subtest: covers all 9 verdicts with label, caveat, glyph, and tone
    ok 1 - covers all 9 verdicts with label, caveat, glyph, and tone
      ---
      duration_ms: 0.120417
      type: 'test'
      ...
    # Subtest: only GATHERING is non-terminal (it re-measures)
    ok 2 - only GATHERING is non-terminal (it re-measures)
      ---
      duration_ms: 0.133625
      type: 'test'
      ...
    1..2
ok 6 - verdict presentation map
  ---
  duration_ms: 0.379625
  type: 'suite'
  ...
# (node:48516) [MODULE_TYPELESS_PACKAGE_JSON] Warning: Module type of file:///Users/adamowens/.codex/worktrees/b3ce/causent/lib/__tests__/priors.test.ts is not specified and it doesn't parse as CommonJS.
# Reparsing as ES module because module syntax was detected. This incurs a performance overhead.
# To eliminate this warning, add "type": "module" to /Users/adamowens/.codex/worktrees/b3ce/causent/package.json.
# (Use `node --trace-warnings ...` to show where the warning was created)
# Subtest: computePriors
    # Subtest: empty class → hasPrecedent false, no fabricated figures
    ok 1 - empty class → hasPrecedent false, no fabricated figures
      ---
      duration_ms: 0.373709
      type: 'test'
      ...
    # Subtest: base rate + calibration for a single confident tuple
    ok 2 - base rate + calibration for a single confident tuple
      ---
      duration_ms: 0.123
      type: 'test'
      ...
    # Subtest: includes REFUTED in the base rate (a REFUTED row shifts the distribution)
    ok 3 - includes REFUTED in the base rate (a REFUTED row shifts the distribution)
      ---
      duration_ms: 0.074375
      type: 'test'
      ...
    # Subtest: includes INCONCLUSIVE in support even with nothing measured
    ok 4 - includes INCONCLUSIVE in support even with nothing measured
      ---
      duration_ms: 0.054333
      type: 'test'
      ...
    # Subtest: belief-weights: a 1.0 tuple moves the prior more than a 0.5 tuple
    ok 5 - belief-weights: a 1.0 tuple moves the prior more than a 0.5 tuple
      ---
      duration_ms: 0.074625
      type: 'test'
      ...
    # Subtest: all-zero belief → weighted figures null, distribution still described
    ok 6 - all-zero belief → weighted figures null, distribution still described
      ---
      duration_ms: 0.096083
      type: 'test'
      ...
    # Subtest: negative-direction predictions carry their sign into calibration
    ok 7 - negative-direction predictions carry their sign into calibration
      ---
      duration_ms: 0.053625
      type: 'test'
      ...
    1..7
ok 7 - computePriors
  ---
  duration_ms: 1.365791
  type: 'suite'
  ...
# (node:48517) [MODULE_TYPELESS_PACKAGE_JSON] Warning: Module type of file:///Users/adamowens/.codex/worktrees/b3ce/causent/lib/__tests__/scorecard.integration.test.ts is not specified and it doesn't parse as CommonJS.
# Reparsing as ES module because module syntax was detected. This incurs a performance overhead.
# To eliminate this warning, add "type": "module" to /Users/adamowens/.codex/worktrees/b3ce/causent/package.json.
# (Use `node --trace-warnings ...` to show where the warning was created)
# Subtest: every seeded resolved verdict class shapes without throwing
ok 8 - every seeded resolved verdict class shapes without throwing
  ---
  duration_ms: 28.196458
  type: 'test'
  ...
# Subtest: CONFIRMED shows a measured %-of-mean number
ok 9 - CONFIRMED shows a measured %-of-mean number
  ---
  duration_ms: 0.115458
  type: 'test'
  ...
# Subtest: UNMEASURABLE_NO_METRIC routes to the connect/self-report surface
ok 10 - UNMEASURABLE_NO_METRIC routes to the connect/self-report surface
  ---
  duration_ms: 0.105292
  type: 'test'
  ...
# Subtest: GATHERING routes to the not-yet surface (no hard resolve)
ok 11 - GATHERING routes to the not-yet surface (no hard resolve)
  ---
  duration_ms: 0.110917
  type: 'test'
  ...
# (node:48518) [MODULE_TYPELESS_PACKAGE_JSON] Warning: Module type of file:///Users/adamowens/.codex/worktrees/b3ce/causent/lib/__tests__/scorecard.test.ts is not specified and it doesn't parse as CommonJS.
# Reparsing as ES module because module syntax was detected. This incurs a performance overhead.
# To eliminate this warning, add "type": "module" to /Users/adamowens/.codex/worktrees/b3ce/causent/package.json.
# (Use `node --trace-warnings ...` to show where the warning was created)
# Subtest: every verdict — all 9 — has a complete presentation
ok 12 - every verdict — all 9 — has a complete presentation
  ---
  duration_ms: 0.739458
  type: 'test'
  ...
# Subtest: scorecardKind routes each verdict class to its surface
ok 13 - scorecardKind routes each verdict class to its surface
  ---
  duration_ms: 0.071875
  type: 'test'
  ...
# Subtest: CONFIRMED: predicted + measured shaped onto one %-of-mean scale
ok 14 - CONFIRMED: predicted + measured shaped onto one %-of-mean scale
  ---
  duration_ms: 0.115
  type: 'test'
  ...
# Subtest: REFUTED: measured present, negative tone, direction from sign
ok 15 - REFUTED: measured present, negative tone, direction from sign
  ---
  duration_ms: 0.057084
  type: 'test'
  ...
# Subtest: UNMEASURABLE_NO_METRIC: no measured side, unmeasurable surface
ok 16 - UNMEASURABLE_NO_METRIC: no measured side, unmeasurable surface
  ---
  duration_ms: 0.048708
  type: 'test'
  ...
# Subtest: GATHERING: not-yet, no measured number
ok 17 - GATHERING: not-yet, no measured number
  ---
  duration_ms: 0.415875
  type: 'test'
  ...
# Subtest: INCONCLUSIVE with no recorded measurement shows no measured block
ok 18 - INCONCLUSIVE with no recorded measurement shows no measured block
  ---
  duration_ms: 0.042875
  type: 'test'
  ...
# Subtest: null tuple never throws — no-lever verdicts have no measured side
ok 19 - null tuple never throws — no-lever verdicts have no measured side
  ---
  duration_ms: 0.04925
  type: 'test'
  ...
# (node:48519) [MODULE_TYPELESS_PACKAGE_JSON] Warning: Module type of file:///Users/adamowens/.codex/worktrees/b3ce/causent/lib/actions/manual-completion.test.ts is not specified and it doesn't parse as CommonJS.
# Reparsing as ES module because module syntax was detected. This incurs a performance overhead.
# To eliminate this warning, add "type": "module" to /Users/adamowens/.codex/worktrees/b3ce/causent/package.json.
# (Use `node --trace-warnings ...` to show where the warning was created)
# Subtest: manual completion sends one scoped RPC and maps its audit record
ok 20 - manual completion sends one scoped RPC and maps its audit record
  ---
  duration_ms: 0.9685
  type: 'test'
  ...
# Subtest: manual completion rejects malformed input before reaching the database
ok 21 - manual completion rejects malformed input before reaching the database
  ---
  duration_ms: 0.07375
  type: 'test'
  ...
# Subtest: manual completion maps authorization failures without leaking the action
ok 22 - manual completion maps authorization failures without leaking the action
  ---
  duration_ms: 0.087958
  type: 'test'
  ...
# (node:48520) [MODULE_TYPELESS_PACKAGE_JSON] Warning: Module type of file:///Users/adamowens/.codex/worktrees/b3ce/causent/lib/auth/workspace-selection.test.ts is not specified and it doesn't parse as CommonJS.
# Reparsing as ES module because module syntax was detected. This incurs a performance overhead.
# To eliminate this warning, add "type": "module" to /Users/adamowens/.codex/worktrees/b3ce/causent/package.json.
# (Use `node --trace-warnings ...` to show where the warning was created)
# Subtest: static seed mode exposes only the Gummy Alpha workspace
ok 23 - static seed mode exposes only the Gummy Alpha workspace
  ---
  duration_ms: 0.662334
  type: 'test'
  ...
# Subtest: maps only registered database rows in deterministic registry order
ok 24 - maps only registered database rows in deterministic registry order
  ---
  duration_ms: 0.116
  type: 'test'
  ...
# Subtest: selects an exact registered workspace only when it is accessible
ok 25 - selects an exact registered workspace only when it is accessible
  ---
  duration_ms: 0.079041
  type: 'test'
  ...
# Subtest: forged and malformed workspace values fall back deterministically
ok 26 - forged and malformed workspace values fall back deterministically
  ---
  duration_ms: 0.045083
  type: 'test'
  ...
# Subtest: fallback follows the server registry rather than caller-provided order
ok 27 - fallback follows the server registry rather than caller-provided order
  ---
  duration_ms: 0.090334
  type: 'test'
  ...
# Subtest: fails explicitly when no registered workspace is accessible
ok 28 - fails explicitly when no registered workspace is accessible
  ---
  duration_ms: 0.04
  type: 'test'
  ...
# (node:48521) [MODULE_TYPELESS_PACKAGE_JSON] Warning: Module type of file:///Users/adamowens/.codex/worktrees/b3ce/causent/lib/causal/recompute.test.ts is not specified and it doesn't parse as CommonJS.
# Reparsing as ES module because module syntax was detected. This incurs a performance overhead.
# To eliminate this warning, add "type": "module" to /Users/adamowens/.codex/worktrees/b3ce/causent/package.json.
# (Use `node --trace-warnings ...` to show where the warning was created)
# Subtest: unconfigured kicks defer without throwing
ok 29 - unconfigured kicks defer without throwing
  ---
  duration_ms: 0.68425
  type: 'test'
  ...
# Subtest: kick sends only queue filters and the private secret header
ok 30 - kick sends only queue filters and the private secret header
  ---
  duration_ms: 10.70975
  type: 'test'
  ...
# Subtest: worker summaries are exact, internally consistent, and bounded
ok 31 - worker summaries are exact, internally consistent, and bounded
  ---
  duration_ms: 0.135542
  type: 'test'
  ...
# Subtest: network and worker failures become deferred results
ok 32 - network and worker failures become deferred results
  ---
  duration_ms: 0.428916
  type: 'test'
  ...
# Subtest: terminal worker failures stay non-success even with a structured body
ok 33 - terminal worker failures stay non-success even with a structured body
  ---
  duration_ms: 0.209625
  type: 'test'
  ...
# (node:48522) [MODULE_TYPELESS_PACKAGE_JSON] Warning: Module type of file:///Users/adamowens/.codex/worktrees/b3ce/causent/lib/connectors/__tests__/github.test.ts is not specified and it doesn't parse as CommonJS.
# Reparsing as ES module because module syntax was detected. This incurs a performance overhead.
# To eliminate this warning, add "type": "module" to /Users/adamowens/.codex/worktrees/b3ce/causent/package.json.
# (Use `node --trace-warnings ...` to show where the warning was created)
# Subtest: deep-link builder: prefilled issues/new URL with title, body token, label
ok 34 - deep-link builder: prefilled issues/new URL with title, body token, label
  ---
  duration_ms: 0.593333
  type: 'test'
  ...
# Subtest: provenance token: mint round-trips and matches by label then body
ok 35 - provenance token: mint round-trips and matches by label then body
  ---
  duration_ms: 0.441459
  type: 'test'
  ...
# Subtest: parseIssueEvent: extracts ref + provenance + canonical from a webhook body
ok 36 - parseIssueEvent: extracts ref + provenance + canonical from a webhook body
  ---
  duration_ms: 0.505292
  type: 'test'
  ...
# Subtest: canonical-transition map (GitHub issue action → canonical)
ok 37 - canonical-transition map (GitHub issue action → canonical)
  ---
  duration_ms: 0.051542
  type: 'test'
  ...
# Subtest: verifyWebhookSignature: accepts a valid HMAC, rejects tampering/missing
ok 38 - verifyWebhookSignature: accepts a valid HMAC, rejects tampering/missing
  ---
  duration_ms: 0.361959
  type: 'test'
  ...
# (node:48523) [MODULE_TYPELESS_PACKAGE_JSON] Warning: Module type of file:///Users/adamowens/.codex/worktrees/b3ce/causent/lib/connectors/__tests__/jira.test.ts is not specified and it doesn't parse as CommonJS.
# Reparsing as ES module because module syntax was detected. This incurs a performance overhead.
# To eliminate this warning, add "type": "module" to /Users/adamowens/.codex/worktrees/b3ce/causent/package.json.
# (Use `node --trace-warnings ...` to show where the warning was created)
# Subtest: Jira deep-link: CreateIssueDetails URL with pid/issuetype, token in description + labels
ok 39 - Jira deep-link: CreateIssueDetails URL with pid/issuetype, token in description + labels
  ---
  duration_ms: 0.735959
  type: 'test'
  ...
# Subtest: jiraIssueExternalRef mirrors the github:issue scheme
ok 40 - jiraIssueExternalRef mirrors the github:issue scheme
  ---
  duration_ms: 0.053375
  type: 'test'
  ...
# Subtest: strategy 1: the issue property is preferred, from a bare decision id
ok 41 - strategy 1: the issue property is preferred, from a bare decision id
  ---
  duration_ms: 0.379542
  type: 'test'
  ...
# Subtest: strategy 1: the issue property also accepts the full token form
ok 42 - strategy 1: the issue property also accepts the full token form
  ---
  duration_ms: 0.083541
  type: 'test'
  ...
# Subtest: strategy 2: scan the labels when there is no issue property
ok 43 - strategy 2: scan the labels when there is no issue property
  ---
  duration_ms: 0.075917
  type: 'test'
  ...
# Subtest: strategy 2: scan the description when the label was stripped
ok 44 - strategy 2: scan the description when the label was stripped
  ---
  duration_ms: 0.065375
  type: 'test'
  ...
# Subtest: ordering: issue property WINS over a scannable token in labels/description
ok 45 - ordering: issue property WINS over a scannable token in labels/description
  ---
  duration_ms: 0.041292
  type: 'test'
  ...
# Subtest: an invalid issue property falls through to the scan (never a false attribution)
ok 46 - an invalid issue property falls through to the scan (never a false attribution)
  ---
  duration_ms: 0.061459
  type: 'test'
  ...
# Subtest: created -> LEVER_ACTIVE
ok 47 - created -> LEVER_ACTIVE
  ---
  duration_ms: 0.230417
  type: 'test'
  ...
# Subtest: Done + Done/Fixed -> LEVER_SHIPPED
ok 48 - Done + Done/Fixed -> LEVER_SHIPPED
  ---
  duration_ms: 0.278417
  type: 'test'
  ...
# Subtest: Done + Won't Do -> LEVER_DROPPED
ok 49 - Done + Won't Do -> LEVER_DROPPED
  ---
  duration_ms: 0.08575
  type: 'test'
  ...
# Subtest: removed from sprint while NOT Done -> LEVER_DROPPED; while Done -> null
ok 50 - removed from sprint while NOT Done -> LEVER_DROPPED; while Done -> null
  ---
  duration_ms: 0.038792
  type: 'test'
  ...
# Subtest: re-point / re-assign (status change, no resolution) -> null
ok 51 - re-point / re-assign (status change, no resolution) -> null
  ---
  duration_ms: 0.026417
  type: 'test'
  ...
# Subtest: verifyJiraSecret: match / mismatch / length-diff / empty
ok 52 - verifyJiraSecret: match / mismatch / length-diff / empty
  ---
  duration_ms: 0.05525
  type: 'test'
  ...
# Subtest: parseJiraEvent: read-only create (token in description) -> LEVER_ACTIVE + scan
ok 53 - parseJiraEvent: read-only create (token in description) -> LEVER_ACTIVE + scan
  ---
  duration_ms: 0.102625
  type: 'test'
  ...
# Subtest: parseJiraEvent: property-expanded webhook -> strategy issue_property
ok 54 - parseJiraEvent: property-expanded webhook -> strategy issue_property
  ---
  duration_ms: 0.037958
  type: 'test'
  ...
# Subtest: parseJiraEvent: Done + Won't Do -> LEVER_DROPPED
ok 55 - parseJiraEvent: Done + Won't Do -> LEVER_DROPPED
  ---
  duration_ms: 0.041583
  type: 'test'
  ...
# Subtest: parseJiraIssueUrl parses a /browse/KEY-n URL
ok 56 - parseJiraIssueUrl parses a /browse/KEY-n URL
  ---
  duration_ms: 0.066875
  type: 'test'
  ...
# (node:48524) [MODULE_TYPELESS_PACKAGE_JSON] Warning: Module type of file:///Users/adamowens/.codex/worktrees/b3ce/causent/lib/connectors/__tests__/write.test.ts is not specified and it doesn't parse as CommonJS.
# Reparsing as ES module because module syntax was detected. This incurs a performance overhead.
# To eliminate this warning, add "type": "module" to /Users/adamowens/.codex/worktrees/b3ce/causent/package.json.
# (Use `node --trace-warnings ...` to show where the warning was created)
# Subtest: GitHub creator: POSTs the issue with the provenance label, returns github:issue ref
ok 57 - GitHub creator: POSTs the issue with the provenance label, returns github:issue ref
  ---
  duration_ms: 0.901708
  type: 'test'
  ...
# Subtest: GitHub creator: a non-2xx create throws (never silently drops the ticket)
ok 58 - GitHub creator: a non-2xx create throws (never silently drops the ticket)
  ---
  duration_ms: 0.387375
  type: 'test'
  ...
# Subtest: Jira creator: creates the issue then sets the causent.decisionId property (strategy issue_property)
ok 59 - Jira creator: creates the issue then sets the causent.decisionId property (strategy issue_property)
  ---
  duration_ms: 0.352625
  type: 'test'
  ...
# Subtest: Jira creator: a failed property PUT downgrades to the label strategy (ticket still created)
ok 60 - Jira creator: a failed property PUT downgrades to the label strategy (ticket still created)
  ---
  duration_ms: 0.14425
  type: 'test'
  ...
# Subtest: Jira creator: a failed issue create throws
ok 61 - Jira creator: a failed issue create throws
  ---
  duration_ms: 0.104583
  type: 'test'
  ...
# (node:48526) [MODULE_TYPELESS_PACKAGE_JSON] Warning: Module type of file:///Users/adamowens/.codex/worktrees/b3ce/causent/lib/data/action-identifiers.test.ts is not specified and it doesn't parse as CommonJS.
# Reparsing as ES module because module syntax was detected. This incurs a performance overhead.
# To eliminate this warning, add "type": "module" to /Users/adamowens/.codex/worktrees/b3ce/causent/package.json.
# (Use `node --trace-warnings ...` to show where the warning was created)
# Subtest: GitHub PR identities retain the existing a-<pr> deep link
ok 62 - GitHub PR identities retain the existing a-<pr> deep link
  ---
  duration_ms: 0.654667
  type: 'test'
  ...
# Subtest: manual and Jira actions use collision-free UUID identities
ok 63 - manual and Jira actions use collision-free UUID identities
  ---
  duration_ms: 0.130792
  type: 'test'
  ...
# Subtest: canonical and legacy provider refs retain UUID identity and readable labels
ok 64 - canonical and legacy provider refs retain UUID identity and readable labels
  ---
  duration_ms: 0.119916
  type: 'test'
  ...
# (node:48528) [MODULE_TYPELESS_PACKAGE_JSON] Warning: Module type of file:///Users/adamowens/.codex/worktrees/b3ce/causent/lib/data/action-metric.test.ts is not specified and it doesn't parse as CommonJS.
# Reparsing as ES module because module syntax was detected. This incurs a performance overhead.
# To eliminate this warning, add "type": "module" to /Users/adamowens/.codex/worktrees/b3ce/causent/package.json.
# (Use `node --trace-warnings ...` to show where the warning was created)
# Subtest: resolves a report-created metric through its loaded UI identity
ok 65 - resolves a report-created metric through its loaded UI identity
  ---
  duration_ms: 0.350042
  type: 'test'
  ...
# Subtest: resolves a configured metric and fails closed for absent names
ok 66 - resolves a configured metric and fails closed for absent names
  ---
  duration_ms: 0.056166
  type: 'test'
  ...
# (node:48529) [MODULE_TYPELESS_PACKAGE_JSON] Warning: Module type of file:///Users/adamowens/.codex/worktrees/b3ce/causent/lib/data/action-numbering.test.ts is not specified and it doesn't parse as CommonJS.
# Reparsing as ES module because module syntax was detected. This incurs a performance overhead.
# To eliminate this warning, add "type": "module" to /Users/adamowens/.codex/worktrees/b3ce/causent/package.json.
# (Use `node --trace-warnings ...` to show where the warning was created)
# Subtest: numbers decisions oldest-first and actions within each decision
ok 67 - numbers decisions oldest-first and actions within each decision
  ---
  duration_ms: 7.742209
  type: 'test'
  ...
# Subtest: report-native numbering follows reviewed source-item order
ok 68 - report-native numbering follows reviewed source-item order
  ---
  duration_ms: 0.202208
  type: 'test'
  ...
# (node:48530) [MODULE_TYPELESS_PACKAGE_JSON] Warning: Module type of file:///Users/adamowens/.codex/worktrees/b3ce/causent/lib/data/action-plan-view.test.ts is not specified and it doesn't parse as CommonJS.
# Reparsing as ES module because module syntax was detected. This incurs a performance overhead.
# To eliminate this warning, add "type": "module" to /Users/adamowens/.codex/worktrees/b3ce/causent/package.json.
# (Use `node --trace-warnings ...` to show where the warning was created)
# Subtest: Decision Report plans exclude the deterministic objective and legacy study rows
ok 69 - Decision Report plans exclude the deterministic objective and legacy study rows
  ---
  duration_ms: 0.701791
  type: 'test'
  ...
# Subtest: workspaces without a Decision Report retain the existing dataset
ok 70 - workspaces without a Decision Report retain the existing dataset
  ---
  duration_ms: 0.064375
  type: 'test'
  ...
# Subtest: the metrics drawer focuses on the selected report metric and its actions
ok 71 - the metrics drawer focuses on the selected report metric and its actions
  ---
  duration_ms: 0.111125
  type: 'test'
  ...
# Subtest: an unconfigured report metric remains visible as an honest missing-data label
ok 72 - an unconfigured report metric remains visible as an honest missing-data label
  ---
  duration_ms: 0.100917
  type: 'test'
  ...
# (node:48533) [MODULE_TYPELESS_PACKAGE_JSON] Warning: Module type of file:///Users/adamowens/.codex/worktrees/b3ce/causent/lib/data/causal-recompute-status.test.ts is not specified and it doesn't parse as CommonJS.
# Reparsing as ES module because module syntax was detected. This incurs a performance overhead.
# To eliminate this warning, add "type": "module" to /Users/adamowens/.codex/worktrees/b3ce/causent/package.json.
# (Use `node --trace-warnings ...` to show where the warning was created)
# Subtest: causal recompute status parser accepts only sanitized public states
ok 73 - causal recompute status parser accepts only sanitized public states
  ---
  duration_ms: 0.652958
  type: 'test'
  ...
# Subtest: causal recompute repository returns null when no current activation exists
ok 74 - causal recompute repository returns null when no current activation exists
  ---
  duration_ms: 0.090959
  type: 'test'
  ...
# Subtest: causal recompute repository fails loudly on RPC errors or ambiguous rows
ok 75 - causal recompute repository fails loudly on RPC errors or ambiguous rows
  ---
  duration_ms: 0.174125
  type: 'test'
  ...
# (node:48534) [MODULE_TYPELESS_PACKAGE_JSON] Warning: Module type of file:///Users/adamowens/.codex/worktrees/b3ce/causent/lib/data/drift-snapshot.test.ts is not specified and it doesn't parse as CommonJS.
# Reparsing as ES module because module syntax was detected. This incurs a performance overhead.
# To eliminate this warning, add "type": "module" to /Users/adamowens/.codex/worktrees/b3ce/causent/package.json.
# (Use `node --trace-warnings ...` to show where the warning was created)
# Subtest: current materialization exposes the detector fact and freshness receipt
ok 76 - current materialization exposes the detector fact and freshness receipt
  ---
  duration_ms: 0.873709
  type: 'test'
  ...
# Subtest: non-current rows expose freshness metadata but no detector fact
ok 77 - non-current rows expose freshness metadata but no detector fact
  ---
  duration_ms: 0.276583
  type: 'test'
  ...
# Subtest: one malformed, duplicate, or over-limit row fails the whole snapshot closed
ok 78 - one malformed, duplicate, or over-limit row fails the whole snapshot closed
  ---
  duration_ms: 0.181292
  type: 'test'
  ...
# Subtest: stale statuses cannot smuggle a detector result
ok 79 - stale statuses cannot smuggle a detector result
  ---
  duration_ms: 0.057709
  type: 'test'
  ...
# Subtest: a current claim requires one coherent completed generation
ok 80 - a current claim requires one coherent completed generation
  ---
  duration_ms: 0.119791
  type: 'test'
  ...
# (node:48537) [MODULE_TYPELESS_PACKAGE_JSON] Warning: Module type of file:///Users/adamowens/.codex/worktrees/b3ce/causent/lib/data/funnel.test.ts is not specified and it doesn't parse as CommonJS.
# Reparsing as ES module because module syntax was detected. This incurs a performance overhead.
# To eliminate this warning, add "type": "module" to /Users/adamowens/.codex/worktrees/b3ce/causent/package.json.
# (Use `node --trace-warnings ...` to show where the warning was created)
# Subtest: Decision Report telemetry writes only the bounded allowlist
ok 81 - Decision Report telemetry writes only the bounded allowlist
  ---
  duration_ms: 1.330875
  type: 'test'
  ...
# Subtest: Decision Report telemetry rejects unknown, textual, nested, and oversized metadata before IO
ok 82 - Decision Report telemetry rejects unknown, textual, nested, and oversized metadata before IO
  ---
  duration_ms: 0.265625
  type: 'test'
  ...
# Subtest: Decision Report telemetry requires an opaque session key and bounded elapsed integer
ok 83 - Decision Report telemetry requires an opaque session key and bounded elapsed integer
  ---
  duration_ms: 0.109167
  type: 'test'
  ...
# Subtest: Decision Report telemetry session keys are content-free UUIDs
ok 84 - Decision Report telemetry session keys are content-free UUIDs
  ---
  duration_ms: 1.458166
  type: 'test'
  ...
# Subtest: the legacy writer cannot bypass Decision Report metadata validation
ok 85 - the legacy writer cannot bypass Decision Report metadata validation
  ---
  duration_ms: 0.085375
  type: 'test'
  ...
# Subtest: Decision Report metric repository filters event types and folds returned rows
ok 86 - Decision Report metric repository filters event types and folds returned rows
  ---
  duration_ms: 0.404334
  type: 'test'
  ...
# Subtest: best-effort Decision Report telemetry never rejects the product flow
ok 87 - best-effort Decision Report telemetry never rejects the product flow
  ---
  duration_ms: 0.195292
  type: 'test'
  ...
# (node:48542) [MODULE_TYPELESS_PACKAGE_JSON] Warning: Module type of file:///Users/adamowens/.codex/worktrees/b3ce/causent/lib/data/keyset.test.ts is not specified and it doesn't parse as CommonJS.
# Reparsing as ES module because module syntax was detected. This incurs a performance overhead.
# To eliminate this warning, add "type": "module" to /Users/adamowens/.codex/worktrees/b3ce/causent/package.json.
# (Use `node --trace-warnings ...` to show where the warning was created)
# Subtest: keyset reads 0 rows through a smaller API cap and proves completion
ok 88 - keyset reads 0 rows through a smaller API cap and proves completion
  ---
  duration_ms: 0.816625
  type: 'test'
  ...
# Subtest: keyset reads 1 rows through a smaller API cap and proves completion
ok 89 - keyset reads 1 rows through a smaller API cap and proves completion
  ---
  duration_ms: 0.086875
  type: 'test'
  ...
# Subtest: keyset reads 499 rows through a smaller API cap and proves completion
ok 90 - keyset reads 499 rows through a smaller API cap and proves completion
  ---
  duration_ms: 0.287709
  type: 'test'
  ...
# Subtest: keyset reads 500 rows through a smaller API cap and proves completion
ok 91 - keyset reads 500 rows through a smaller API cap and proves completion
  ---
  duration_ms: 0.655958
  type: 'test'
  ...
# Subtest: keyset reads 501 rows through a smaller API cap and proves completion
ok 92 - keyset reads 501 rows through a smaller API cap and proves completion
  ---
  duration_ms: 0.394042
  type: 'test'
  ...
# Subtest: keyset reads 1000 rows through a smaller API cap and proves completion
ok 93 - keyset reads 1000 rows through a smaller API cap and proves completion
  ---
  duration_ms: 0.308667
  type: 'test'
  ...
# Subtest: keyset reads 1501 rows through a smaller API cap and proves completion
ok 94 - keyset reads 1501 rows through a smaller API cap and proves completion
  ---
  duration_ms: 0.789834
  type: 'test'
  ...
# Subtest: a full exact-limit page needs an empty next page; one extra row fails visibly
ok 95 - a full exact-limit page needs an empty next page; one extra row fails visibly
  ---
  duration_ms: 0.276333
  type: 'test'
  ...
# Subtest: duplicate and out-of-order cursors are rejected, including within one page
ok 96 - duplicate and out-of-order cursors are rejected, including within one page
  ---
  duration_ms: 0.282375
  type: 'test'
  ...
# Subtest: a later page failure never returns partial success
ok 97 - a later page failure never returns partial success
  ---
  duration_ms: 0.325833
  type: 'test'
  ...
# (node:48561) [MODULE_TYPELESS_PACKAGE_JSON] Warning: Module type of file:///Users/adamowens/.codex/worktrees/b3ce/causent/lib/data/metric-connections.test.ts is not specified and it doesn't parse as CommonJS.
# Reparsing as ES module because module syntax was detected. This incurs a performance overhead.
# To eliminate this warning, add "type": "module" to /Users/adamowens/.codex/worktrees/b3ce/causent/package.json.
# (Use `node --trace-warnings ...` to show where the warning was created)
# Subtest: the six-metric legacy fixture reports five of six connected
ok 98 - the six-metric legacy fixture reports five of six connected
  ---
  duration_ms: 0.629833
  type: 'test'
  ...
# Subtest: the connected count never exceeds the number of available metrics
ok 99 - the connected count never exceeds the number of available metrics
  ---
  duration_ms: 0.064792
  type: 'test'
  ...
# (node:48562) [MODULE_TYPELESS_PACKAGE_JSON] Warning: Module type of file:///Users/adamowens/.codex/worktrees/b3ce/causent/lib/data/metric-history.integration.test.ts is not specified and it doesn't parse as CommonJS.
# Reparsing as ES module because module syntax was detected. This incurs a performance overhead.
# To eliminate this warning, add "type": "module" to /Users/adamowens/.codex/worktrees/b3ce/causent/package.json.
# (Use `node --trace-warnings ...` to show where the warning was created)
# Subtest: authenticated CSV import and history read exceed the API cap with exact inclusive windows
ok 100 - authenticated CSV import and history read exceed the API cap with exact inclusive windows
  ---
  duration_ms: 2932.3265
  type: 'test'
  ...
# (node:48571) [MODULE_TYPELESS_PACKAGE_JSON] Warning: Module type of file:///Users/adamowens/.codex/worktrees/b3ce/causent/lib/data/readout.test.ts is not specified and it doesn't parse as CommonJS.
# Reparsing as ES module because module syntax was detected. This incurs a performance overhead.
# To eliminate this warning, add "type": "module" to /Users/adamowens/.codex/worktrees/b3ce/causent/package.json.
# (Use `node --trace-warnings ...` to show where the warning was created)
# Subtest: shows the 14-day descriptive estimate while ITS gathers history
ok 101 - shows the 14-day descriptive estimate while ITS gathers history
  ---
  duration_ms: 0.842458
  type: 'test'
  ...
# Subtest: a confident ITS estimate remains authoritative
ok 102 - a confident ITS estimate remains authoritative
  ---
  duration_ms: 0.09375
  type: 'test'
  ...
# Subtest: does not promote descriptive evidence for a falsified causal readout
ok 103 - does not promote descriptive evidence for a falsified causal readout
  ---
  duration_ms: 0.065625
  type: 'test'
  ...
# Subtest: computed provenance stays attached to the displayed direction and interval
ok 104 - computed provenance stays attached to the displayed direction and interval
  ---
  duration_ms: 0.115125
  type: 'test'
  ...
# Subtest: legacy_unverified never becomes a computed impact even if stale fields are confident
ok 105 - legacy_unverified never becomes a computed impact even if stale fields are confident
  ---
  duration_ms: 0.5035
  type: 'test'
  ...
# Subtest: manual never becomes a computed impact even if stale fields are confident
ok 106 - manual never becomes a computed impact even if stale fields are confident
  ---
  duration_ms: 0.035917
  type: 'test'
  ...
# Subtest: incomplete never becomes a computed impact even if stale fields are confident
ok 107 - incomplete never becomes a computed impact even if stale fields are confident
  ---
  duration_ms: 0.104125
  type: 'test'
  ...
# (node:48572) [MODULE_TYPELESS_PACKAGE_JSON] Warning: Module type of file:///Users/adamowens/.codex/worktrees/b3ce/causent/lib/data/report-project-view.test.ts is not specified and it doesn't parse as CommonJS.
# Reparsing as ES module because module syntax was detected. This incurs a performance overhead.
# To eliminate this warning, add "type": "module" to /Users/adamowens/.codex/worktrees/b3ce/causent/package.json.
# (Use `node --trace-warnings ...` to show where the warning was created)
# Subtest: explicit current pointer wins over report order and timestamps
ok 108 - explicit current pointer wins over report order and timestamps
  ---
  duration_ms: 0.834459
  type: 'test'
  ...
# Subtest: an active report isolates every dashboard dataset to its project
ok 109 - an active report isolates every dashboard dataset to its project
  ---
  duration_ms: 0.604917
  type: 'test'
  ...
# Subtest: current report impact uses only the primary lever's causal cell
ok 110 - current report impact uses only the primary lever's causal cell
  ---
  duration_ms: 0.405458
  type: 'test'
  ...
# Subtest: a completed package rolls up only the latest-effective action on the primary outcome
ok 111 - a completed package rolls up only the latest-effective action on the primary outcome
  ---
  duration_ms: 0.118208
  type: 'test'
  ...
# Subtest: legacy workspaces retain their complete dashboard payload
ok 112 - legacy workspaces retain their complete dashboard payload
  ---
  duration_ms: 0.130541
  type: 'test'
  ...
# Subtest: orphaned report-native graph rows do not leak through legacy fallback
ok 113 - orphaned report-native graph rows do not leak through legacy fallback
  ---
  duration_ms: 0.082417
  type: 'test'
  ...
# (node:48573) [MODULE_TYPELESS_PACKAGE_JSON] Warning: Module type of file:///Users/adamowens/.codex/worktrees/b3ce/causent/lib/decision-reports/action-navigation.test.ts is not specified and it doesn't parse as CommonJS.
# Reparsing as ES module because module syntax was detected. This incurs a performance overhead.
# To eliminate this warning, add "type": "module" to /Users/adamowens/.codex/worktrees/b3ce/causent/package.json.
# (Use `node --trace-warnings ...` to show where the warning was created)
# Subtest: deep-links a resolved canonical action in the query and fragment
ok 114 - deep-links a resolved canonical action in the query and fragment
  ---
  duration_ms: 0.418834
  type: 'test'
  ...
# Subtest: falls back to the decision only when no canonical action binding exists
ok 115 - falls back to the decision only when no canonical action binding exists
  ---
  duration_ms: 0.057958
  type: 'test'
  ...
# Subtest: an active report opens its primary action through the canonical binding
ok 116 - an active report opens its primary action through the canonical binding
  ---
  duration_ms: 0.068833
  type: 'test'
  ...
# Subtest: an active report opens a supporting action through its own canonical binding
ok 117 - an active report opens a supporting action through its own canonical binding
  ---
  duration_ms: 0.048041
  type: 'test'
  ...
# Subtest: an active report action fails closed when its binding is absent
ok 118 - an active report action fails closed when its binding is absent
  ---
  duration_ms: 0.095833
  type: 'test'
  ...
# (node:48574) [MODULE_TYPELESS_PACKAGE_JSON] Warning: Module type of file:///Users/adamowens/.codex/worktrees/b3ce/causent/lib/decision-reports/action-plan-ui.test.ts is not specified and it doesn't parse as CommonJS.
# Reparsing as ES module because module syntax was detected. This incurs a performance overhead.
# To eliminate this warning, add "type": "module" to /Users/adamowens/.codex/worktrees/b3ce/causent/package.json.
# (Use `node --trace-warnings ...` to show where the warning was created)
# Subtest: metric readiness keeps the latest native value and percent scale compact
ok 119 - metric readiness keeps the latest native value and percent scale compact
  ---
  duration_ms: 0.459333
  type: 'test'
  ...
# Subtest: metric readiness remains honest when no observation exists
ok 120 - metric readiness remains honest when no observation exists
  ---
  duration_ms: 0.066625
  type: 'test'
  ...
# Subtest: monitoring context belongs only to supporting actions
ok 121 - monitoring context belongs only to supporting actions
  ---
  duration_ms: 0.060709
  type: 'test'
  ...
# Subtest: an active report uses canonical source-item bindings instead of action UUIDs
ok 122 - an active report uses canonical source-item bindings instead of action UUIDs
  ---
  duration_ms: 0.360375
  type: 'test'
  ...
# Subtest: a legacy active report does not infer a primary action when the audit has none
ok 123 - a legacy active report does not infer a primary action when the audit has none
  ---
  duration_ms: 0.107416
  type: 'test'
  ...
# Subtest: a new report includes every suggested action and keeps its draft primary
ok 124 - a new report includes every suggested action and keeps its draft primary
  ---
  duration_ms: 0.166209
  type: 'test'
  ...
# (node:48575) [MODULE_TYPELESS_PACKAGE_JSON] Warning: Module type of file:///Users/adamowens/.codex/worktrees/b3ce/causent/lib/decision-reports/activation.test.ts is not specified and it doesn't parse as CommonJS.
# Reparsing as ES module because module syntax was detected. This incurs a performance overhead.
# To eliminate this warning, add "type": "module" to /Users/adamowens/.codex/worktrees/b3ce/causent/package.json.
# (Use `node --trace-warnings ...` to show where the warning was created)
# Subtest: activation input accepts the complete inert handoff packet
ok 125 - activation input accepts the complete inert handoff packet
  ---
  duration_ms: 1.794792
  type: 'test'
  ...
# Subtest: activation input requires a future resolution window
ok 126 - activation input requires a future resolution window
  ---
  duration_ms: 0.191458
  type: 'test'
  ...
# Subtest: activation input requires an explicit primary lever from the selected set
ok 127 - activation input requires an explicit primary lever from the selected set
  ---
  duration_ms: 0.072125
  type: 'test'
  ...
# Subtest: activation input requires human prediction and one to three unique actions
ok 128 - activation input requires human prediction and one to three unique actions
  ---
  duration_ms: 0.170458
  type: 'test'
  ...
# Subtest: activation input rejects missing report, revision, or metric identities
ok 129 - activation input rejects missing report, revision, or metric identities
  ---
  duration_ms: 0.076375
  type: 'test'
  ...
# Subtest: activation v2 accepts one to five metrics and a complete action mapping
ok 130 - activation v2 accepts one to five metrics and a complete action mapping
  ---
  duration_ms: 0.218833
  type: 'test'
  ...
# Subtest: activation v2 can defer the mutable future-date rule for checked receipt retries
ok 131 - activation v2 can defer the mutable future-date rule for checked receipt retries
  ---
  duration_ms: 0.122916
  type: 'test'
  ...
# Subtest: activation v2 requires unique selected metrics including the confirmed metric
ok 132 - activation v2 requires unique selected metrics including the confirmed metric
  ---
  duration_ms: 0.09725
  type: 'test'
  ...
# Subtest: activation v2 requires exactly one selected-metric assignment per action
ok 133 - activation v2 requires exactly one selected-metric assignment per action
  ---
  duration_ms: 0.461541
  type: 'test'
  ...
# Subtest: activation v2 binds every action to a selected metric and the primary action to the confirmed metric
ok 134 - activation v2 binds every action to a selected metric and the primary action to the confirmed metric
  ---
  duration_ms: 0.496458
  type: 'test'
  ...
# Subtest: activation v2 permits twenty-five actions but not twenty-six
ok 135 - activation v2 permits twenty-five actions but not twenty-six
  ---
  duration_ms: 0.196083
  type: 'test'
  ...
# (node:48576) [MODULE_TYPELESS_PACKAGE_JSON] Warning: Module type of file:///Users/adamowens/.codex/worktrees/b3ce/causent/lib/decision-reports/asset-delivery.test.ts is not specified and it doesn't parse as CommonJS.
# Reparsing as ES module because module syntax was detected. This incurs a performance overhead.
# To eliminate this warning, add "type": "module" to /Users/adamowens/.codex/worktrees/b3ce/causent/package.json.
# (Use `node --trace-warnings ...` to show where the warning was created)
# Subtest: authorized delivery scopes lookup and signs the exact object for 60 seconds
ok 136 - authorized delivery scopes lookup and signs the exact object for 60 seconds
  ---
  duration_ms: 11.947375
  type: 'test'
  ...
# Subtest: a workspace-scoped metadata miss fails closed without signing or path disclosure
ok 137 - a workspace-scoped metadata miss fails closed without signing or path disclosure
  ---
  duration_ms: 0.991875
  type: 'test'
  ...
# Subtest: a forged content version fails closed before Storage signing
ok 138 - a forged content version fails closed before Storage signing
  ---
  duration_ms: 0.259834
  type: 'test'
  ...
# Subtest: a signing failure stays opaque and does not disclose the server-owned path
ok 139 - a signing failure stays opaque and does not disclose the server-owned path
  ---
  duration_ms: 0.38975
  type: 'test'
  ...
# Subtest: an unauthenticated production request cannot reach metadata or Storage
ok 140 - an unauthenticated production request cannot reach metadata or Storage
  ---
  duration_ms: 0.329333
  type: 'test'
  ...
# (node:48577) [MODULE_TYPELESS_PACKAGE_JSON] Warning: Module type of file:///Users/adamowens/.codex/worktrees/b3ce/causent/lib/decision-reports/assets.integration.test.ts is not specified and it doesn't parse as CommonJS.
# Reparsing as ES module because module syntax was detected. This incurs a performance overhead.
# To eliminate this warning, add "type": "module" to /Users/adamowens/.codex/worktrees/b3ce/causent/package.json.
# (Use `node --trace-warnings ...` to show where the warning was created)
# Subtest: sanitized upload, replacement, exact reload, and removal follow append-only revisions
ok 141 - sanitized upload, replacement, exact reload, and removal follow append-only revisions
  ---
  duration_ms: 223.77575
  type: 'test'
  ...
# Subtest: forged report identity is rejected before Storage receives bytes
ok 142 - forged report identity is rejected before Storage receives bytes
  ---
  duration_ms: 7.988916
  type: 'test'
  ...
# (node:48578) [MODULE_TYPELESS_PACKAGE_JSON] Warning: Module type of file:///Users/adamowens/.codex/worktrees/b3ce/causent/lib/decision-reports/assets.test.ts is not specified and it doesn't parse as CommonJS.
# Reparsing as ES module because module syntax was detected. This incurs a performance overhead.
# To eliminate this warning, add "type": "module" to /Users/adamowens/.codex/worktrees/b3ce/causent/package.json.
# (Use `node --trace-warnings ...` to show where the warning was created)
# Subtest: private report previews are content-versioned without exposing a Storage path
ok 143 - private report previews are content-versioned without exposing a Storage path
  ---
  duration_ms: 0.412333
  type: 'test'
  ...
# (node:48579) [MODULE_TYPELESS_PACKAGE_JSON] Warning: Module type of file:///Users/adamowens/.codex/worktrees/b3ce/causent/lib/decision-reports/editing.test.ts is not specified and it doesn't parse as CommonJS.
# Reparsing as ES module because module syntax was detected. This incurs a performance overhead.
# To eliminate this warning, add "type": "module" to /Users/adamowens/.codex/worktrees/b3ce/causent/package.json.
# (Use `node --trace-warnings ...` to show where the warning was created)
# Subtest: gap scanner uses the stable required-field order
ok 144 - gap scanner uses the stable required-field order
  ---
  duration_ms: 2.695583
  type: 'test'
  ...
# Subtest: optional missing fields do not block a complete report
ok 145 - optional missing fields do not block a complete report
  ---
  duration_ms: 0.159042
  type: 'test'
  ...
# Subtest: background is required even when supporting evidence is present
ok 146 - background is required even when supporting evidence is present
  ---
  duration_ms: 0.082125
  type: 'test'
  ...
# Subtest: claim edits confirm user text, clear provenance, and preserve IDs
ok 147 - claim edits confirm user text, clear provenance, and preserve IDs
  ---
  duration_ms: 1.059292
  type: 'test'
  ...
# Subtest: formatting-only rich edits preserve sourced claim provenance
ok 148 - formatting-only rich edits preserve sourced claim provenance
  ---
  duration_ms: 1.108792
  type: 'test'
  ...
# Subtest: text-changing rich edits confirm user text and clear provenance
ok 149 - text-changing rich edits confirm user text and clear provenance
  ---
  duration_ms: 0.228875
  type: 'test'
  ...
# Subtest: rich edits use flattened missing semantics and reject invalid documents
ok 150 - rich edits use flattened missing semantics and reject invalid documents
  ---
  duration_ms: 0.477625
  type: 'test'
  ...
# Subtest: plain claim replacement removes only that claim's stale rich document
ok 151 - plain claim replacement removes only that claim's stale rich document
  ---
  duration_ms: 0.624334
  type: 'test'
  ...
# Subtest: composite canvas replacement is atomic and clears only semantically edited provenance
ok 152 - composite canvas replacement is atomic and clears only semantically edited provenance
  ---
  duration_ms: 0.65625
  type: 'test'
  ...
# Subtest: report title edits use the typed path and reject blank titles
ok 153 - report title edits use the typed path and reject blank titles
  ---
  duration_ms: 0.458042
  type: 'test'
  ...
# Subtest: activation draft edits persist partial intent and action removal prunes it
ok 154 - activation draft edits persist partial intent and action removal prunes it
  ---
  duration_ms: 0.452916
  type: 'test'
  ...
# Subtest: supporting evidence can be added to a report with no factor claims
ok 155 - supporting evidence can be added to a report with no factor claims
  ---
  duration_ms: 0.707458
  type: 'test'
  ...
# Subtest: supporting evidence can be safely removed with its presentation document
ok 156 - supporting evidence can be safely removed with its presentation document
  ---
  duration_ms: 0.609208
  type: 'test'
  ...
# Subtest: action metric edits require selected metrics and prune stale assignments
ok 157 - action metric edits require selected metrics and prune stale assignments
  ---
  duration_ms: 0.333917
  type: 'test'
  ...
# Subtest: new actions join the plan and inherit the confirmed primary metric
ok 158 - new actions join the plan and inherit the confirmed primary metric
  ---
  duration_ms: 0.359834
  type: 'test'
  ...
# Subtest: adding claims and actions preserves existing presentation without creating orphan entries
ok 159 - adding claims and actions preserves existing presentation without creating orphan entries
  ---
  duration_ms: 0.290709
  type: 'test'
  ...
# Subtest: supporting evidence additions reject duplicate IDs and the fourth factor
ok 160 - supporting evidence additions reject duplicate IDs and the fourth factor
  ---
  duration_ms: 0.101959
  type: 'test'
  ...
# Subtest: customers and stakeholders can be added from empty optional lists
ok 161 - customers and stakeholders can be added from empty optional lists
  ---
  duration_ms: 0.183292
  type: 'test'
  ...
# Subtest: audience additions reject duplicate claim IDs and a fourth entry
ok 162 - audience additions reject duplicate claim IDs and a fourth entry
  ---
  duration_ms: 0.107458
  type: 'test'
  ...
# Subtest: action commands preserve action and nested claim IDs
ok 163 - action commands preserve action and nested claim IDs
  ---
  duration_ms: 0.197333
  type: 'test'
  ...
# Subtest: plain action summary and owner edits remove stale rich documents
ok 164 - plain action summary and owner edits remove stale rich documents
  ---
  duration_ms: 0.365458
  type: 'test'
  ...
# Subtest: removing an action prunes all nested rich documents and preserves unrelated ones
ok 165 - removing an action prunes all nested rich documents and preserves unrelated ones
  ---
  duration_ms: 0.394875
  type: 'test'
  ...
# Subtest: action titles and data classification use the typed edit path
ok 166 - action titles and data classification use the typed edit path
  ---
  duration_ms: 0.213208
  type: 'test'
  ...
# Subtest: action execution metadata uses the typed edit path
ok 167 - action execution metadata uses the typed edit path
  ---
  duration_ms: 0.137708
  type: 'test'
  ...
# Subtest: action execution estimates preserve internal and trailing spaces
ok 168 - action execution estimates preserve internal and trailing spaces
  ---
  duration_ms: 0.416709
  type: 'test'
  ...
# Subtest: invalid commands are rejected without mutating the input
ok 169 - invalid commands are rejected without mutating the input
  ---
  duration_ms: 0.176875
  type: 'test'
  ...
# Subtest: adding and removing actions respects the 25-action draft ceiling
ok 170 - adding and removing actions respects the 25-action draft ceiling
  ---
  duration_ms: 1.881291
  type: 'test'
  ...
# Subtest: supporting action monitoring context edits stay optional and non-causal
ok 171 - supporting action monitoring context edits stay optional and non-causal
  ---
  duration_ms: 0.279875
  type: 'test'
  ...
# Subtest: registered primary actions reject a second monitoring hypothesis
ok 172 - registered primary actions reject a second monitoring hypothesis
  ---
  duration_ms: 0.126334
  type: 'test'
  ...
# Subtest: focused answers and direct edits produce the same validated report
ok 173 - focused answers and direct edits produce the same validated report
  ---
  duration_ms: 0.443875
  type: 'test'
  ...
# Subtest: answering all fallback gaps transitions the report to ready
ok 174 - answering all fallback gaps transitions the report to ready
  ---
  duration_ms: 0.364041
  type: 'test'
  ...
# (node:48580) [MODULE_TYPELESS_PACKAGE_JSON] Warning: Module type of file:///Users/adamowens/.codex/worktrees/b3ce/causent/lib/decision-reports/fixtures/review-examples.test.ts is not specified and it doesn't parse as CommonJS.
# Reparsing as ES module because module syntax was detected. This incurs a performance overhead.
# To eliminate this warning, add "type": "module" to /Users/adamowens/.codex/worktrees/b3ce/causent/package.json.
# (Use `node --trace-warnings ...` to show where the warning was created)
# Subtest: every review card resolves to its exact deterministic fixture
ok 175 - every review card resolves to its exact deterministic fixture
  ---
  duration_ms: 0.425292
  type: 'test'
  ...
# Subtest: fixture matching is exact and fails closed for an edited prompt
ok 176 - fixture matching is exact and fails closed for an edited prompt
  ---
  duration_ms: 0.061875
  type: 'test'
  ...
# Subtest: review examples resolve only through their explicit allowlisted IDs
ok 177 - review examples resolve only through their explicit allowlisted IDs
  ---
  duration_ms: 0.093458
  type: 'test'
  ...
# Subtest: explicit samples are accepted only with their exact prompt and no extra sources
ok 178 - explicit samples are accepted only with their exact prompt and no extra sources
  ---
  duration_ms: 0.336375
  type: 'test'
  ...
# (node:48581) [MODULE_TYPELESS_PACKAGE_JSON] Warning: Module type of file:///Users/adamowens/.codex/worktrees/b3ce/causent/lib/decision-reports/generation-contract.test.ts is not specified and it doesn't parse as CommonJS.
# Reparsing as ES module because module syntax was detected. This incurs a performance overhead.
# To eliminate this warning, add "type": "module" to /Users/adamowens/.codex/worktrees/b3ce/causent/package.json.
# (Use `node --trace-warnings ...` to show where the warning was created)
# Subtest: model draft validation rejects malformed structured output
ok 179 - model draft validation rejects malformed structured output
  ---
  duration_ms: 0.589709
  type: 'test'
  ...
# Subtest: model generation accepts 25 draft actions and rejects a 26th
ok 180 - model generation accepts 25 draft actions and rejects a 26th
  ---
  duration_ms: 0.193042
  type: 'test'
  ...
# Subtest: provider-stringified structured output is recovered only after full validation
ok 181 - provider-stringified structured output is recovered only after full validation
  ---
  duration_ms: 1.471625
  type: 'test'
  ...
# Subtest: server materialization assigns IDs and verifies exact prompt evidence
ok 182 - server materialization assigns IDs and verifies exact prompt evidence
  ---
  duration_ms: 3.430375
  type: 'test'
  ...
# Subtest: proposed rationale stays labeled as a suggestion without source attribution
ok 183 - proposed rationale stays labeled as a suggestion without source attribution
  ---
  duration_ms: 0.395959
  type: 'test'
  ...
# Subtest: supported claims and metrics must quote the exact named source chunk
ok 184 - supported claims and metrics must quote the exact named source chunk
  ---
  duration_ms: 0.634542
  type: 'test'
  ...
# Subtest: quotes cannot span chunks and numeric claims are checked across the whole corpus
ok 185 - quotes cannot span chunks and numeric claims are checked across the whole corpus
  ---
  duration_ms: 0.6575
  type: 'test'
  ...
# Subtest: invented metrics, customers, owners, and numeric claims are removed
ok 186 - invented metrics, customers, owners, and numeric claims are removed
  ---
  duration_ms: 0.178833
  type: 'test'
  ...
# Subtest: nine Decision Report adversarial claims cannot promote fabricated evidence to sourced
ok 187 - nine Decision Report adversarial claims cannot promote fabricated evidence to sourced
  ---
  duration_ms: 1.12075
  type: 'test'
  ...
# Subtest: sparse model values materialize as explicit editable missing states
ok 188 - sparse model values materialize as explicit editable missing states
  ---
  duration_ms: 0.348167
  type: 'test'
  ...
# Subtest: safe fallback preserves the brief and leaves unsupported fields missing
ok 189 - safe fallback preserves the brief and leaves unsupported fields missing
  ---
  duration_ms: 0.22175
  type: 'test'
  ...
# Subtest: generation policy retries exactly once after a refusal
ok 190 - generation policy retries exactly once after a refusal
  ---
  duration_ms: 0.219958
  type: 'test'
  ...
# Subtest: generation policy stops after two provider refusals
ok 191 - generation policy stops after two provider refusals
  ---
  duration_ms: 0.24325
  type: 'test'
  ...
# Subtest: generation policy times out and retries once
ok 192 - generation policy times out and retries once
  ---
  duration_ms: 10.876917
  type: 'test'
  ...
# Subtest: generation policy can stop after one non-retryable timeout
ok 193 - generation policy can stop after one non-retryable timeout
  ---
  duration_ms: 6.10475
  type: 'test'
  ...
# (node:48582) [MODULE_TYPELESS_PACKAGE_JSON] Warning: Module type of file:///Users/adamowens/.codex/worktrees/b3ce/causent/lib/decision-reports/image.test.ts is not specified and it doesn't parse as CommonJS.
# Reparsing as ES module because module syntax was detected. This incurs a performance overhead.
# To eliminate this warning, add "type": "module" to /Users/adamowens/.codex/worktrees/b3ce/causent/package.json.
# (Use `node --trace-warnings ...` to show where the warning was created)
# Subtest: sanitizes deterministically and strips PNG metadata
ok 194 - sanitizes deterministically and strips PNG metadata
  ---
  duration_ms: 9.398083
  type: 'test'
  ...
# Subtest: normalizes JPEG and does not preserve the original bytes
ok 195 - normalizes JPEG and does not preserve the original bytes
  ---
  duration_ms: 4.981875
  type: 'test'
  ...
# Subtest: reports the sanitized dimensions after applying JPEG orientation
ok 196 - reports the sanitized dimensions after applying JPEG orientation
  ---
  duration_ms: 4.541541
  type: 'test'
  ...
# Subtest: rejects unsupported signatures, truncation, and polyglot trailing bytes
ok 197 - rejects unsupported signatures, truncation, and polyglot trailing bytes
  ---
  duration_ms: 3.025167
  type: 'test'
  ...
# Subtest: rejects decoded dimensions over the conservative cap
ok 198 - rejects decoded dimensions over the conservative cap
  ---
  duration_ms: 2.737667
  type: 'test'
  ...
# (node:48583) [MODULE_TYPELESS_PACKAGE_JSON] Warning: Module type of file:///Users/adamowens/.codex/worktrees/b3ce/causent/lib/decision-reports/iterations.integration.test.ts is not specified and it doesn't parse as CommonJS.
# Reparsing as ES module because module syntax was detected. This incurs a performance overhead.
# To eliminate this warning, add "type": "module" to /Users/adamowens/.codex/worktrees/b3ce/causent/package.json.
# (Use `node --trace-warnings ...` to show where the warning was created)
# Subtest: three successor cycles are retry-safe and deletion rolls both explicit pointers back safely
ok 199 - three successor cycles are retry-safe and deletion rolls both explicit pointers back safely
  ---
  duration_ms: 238.361083
  type: 'test'
  ...
# Subtest: a deleted draft successor can be replaced without reusing its historical iteration
ok 200 - a deleted draft successor can be replaced without reusing its historical iteration
  ---
  duration_ms: 49.673375
  type: 'test'
  ...
# Subtest: workspace current selection is explicit when multiple independent series are active
ok 201 - workspace current selection is explicit when multiple independent series are active
  ---
  duration_ms: 44.047792
  type: 'test'
  ...
# Subtest: a successor activation fails atomically when deletion makes its parent stale
ok 202 - a successor activation fails atomically when deletion makes its parent stale
  ---
  duration_ms: 28.548875
  type: 'test'
  ...
# Subtest: a successor snapshot strips private asset IDs without reusing parent asset metadata
ok 203 - a successor snapshot strips private asset IDs without reusing parent asset metadata
  ---
  duration_ms: 49.500125
  type: 'test'
  ...
# (node:48584) [MODULE_TYPELESS_PACKAGE_JSON] Warning: Module type of file:///Users/adamowens/.codex/worktrees/b3ce/causent/lib/decision-reports/loop-handoff.test.ts is not specified and it doesn't parse as CommonJS.
# Reparsing as ES module because module syntax was detected. This incurs a performance overhead.
# To eliminate this warning, add "type": "module" to /Users/adamowens/.codex/worktrees/b3ce/causent/package.json.
# (Use `node --trace-warnings ...` to show where the warning was created)
# Subtest: builds a deterministic bounded packet from only the selected current action
ok 204 - builds a deterministic bounded packet from only the selected current action
  ---
  duration_ms: 3.6225
  type: 'test'
  ...
# Subtest: builds a supporting-action handoff with explicit non-causal monitoring context
ok 205 - builds a supporting-action handoff with explicit non-causal monitoring context
  ---
  duration_ms: 1.293042
  type: 'test'
  ...
# Subtest: preserves explicit null supporting monitoring fields
ok 206 - preserves explicit null supporting monitoring fields
  ---
  duration_ms: 0.425083
  type: 'test'
  ...
# Subtest: page assembly yields Claude and Codex handoffs for primary and secondary-metric actions
ok 207 - page assembly yields Claude and Codex handoffs for primary and secondary-metric actions
  ---
  duration_ms: 0.71775
  type: 'test'
  ...
# Subtest: page assembly keeps same-metric supporting actions and fails closed on duplicate identities
ok 208 - page assembly keeps same-metric supporting actions and fails closed on duplicate identities
  ---
  duration_ms: 1.350167
  type: 'test'
  ...
# Subtest: classification produces an explicit egress decision without pretending to enforce policy
ok 209 - classification produces an explicit egress decision without pretending to enforce policy
  ---
  duration_ms: 0.522
  type: 'test'
  ...
# Subtest: Claude and Codex copy preparation preserves the same bounded packet
ok 210 - Claude and Codex copy preparation preserves the same bounded packet
  ---
  duration_ms: 0.228084
  type: 'test'
  ...
# Subtest: copy preparation applies the same egress rule to both destinations
ok 211 - copy preparation applies the same egress rule to both destinations
  ---
  duration_ms: 0.412542
  type: 'test'
  ...
# Subtest: current selection and report/action identities fail closed
ok 212 - current selection and report/action identities fail closed
  ---
  duration_ms: 1.509334
  type: 'test'
  ...
# Subtest: supporting monitoring fields fail closed when omitted or forged
ok 213 - supporting monitoring fields fail closed when omitted or forged
  ---
  duration_ms: 0.868125
  type: 'test'
  ...
# Subtest: exported text is normalized and individually bounded before canonical serialization
ok 214 - exported text is normalized and individually bounded before canonical serialization
  ---
  duration_ms: 0.464125
  type: 'test'
  ...
# Subtest: strict handback parser accepts inert Unicode and markup for the matching context
ok 215 - strict handback parser accepts inert Unicode and markup for the matching context
  ---
  duration_ms: 0.436541
  type: 'test'
  ...
# Subtest: strict handback parser rejects stale, malformed, extra, unsafe, or oversized content
ok 216 - strict handback parser rejects stale, malformed, extra, unsafe, or oversized content
  ---
  duration_ms: 0.503708
  type: 'test'
  ...
# (node:48585) [MODULE_TYPELESS_PACKAGE_JSON] Warning: Module type of file:///Users/adamowens/.codex/worktrees/b3ce/causent/lib/decision-reports/materialization.integration.test.ts is not specified and it doesn't parse as CommonJS.
# Reparsing as ES module because module syntax was detected. This incurs a performance overhead.
# To eliminate this warning, add "type": "module" to /Users/adamowens/.codex/worktrees/b3ce/causent/package.json.
# (Use `node --trace-warnings ...` to show where the warning was created)
# Subtest: activation atomically materializes once, reuses retries, and locks the report
ok 217 - activation atomically materializes once, reuses retries, and locks the report
  ---
  duration_ms: 303.914458
  type: 'test'
  ...
# Subtest: activation v2 uses latest effective package timing across reverse-order and tied completions
ok 218 - activation v2 uses latest effective package timing across reverse-order and tied completions
  ---
  duration_ms: 120.481459
  type: 'test'
  ...
# Subtest: invalid selections and cross-workspace metrics roll back without canonical writes
ok 219 - invalid selections and cross-workspace metrics roll back without canonical writes
  ---
  duration_ms: 28.586292
  type: 'test'
  ...
# Subtest: v3 rejects viewers, forged actors, and cross-workspace metrics without leaking or writing
ok 220 - v3 rejects viewers, forged actors, and cross-workspace metrics without leaking or writing
  ---
  duration_ms: 66.358209
  type: 'test'
  ...
# (node:48586) [MODULE_TYPELESS_PACKAGE_JSON] Warning: Module type of file:///Users/adamowens/.codex/worktrees/b3ce/causent/lib/decision-reports/materialization.test.ts is not specified and it doesn't parse as CommonJS.
# Reparsing as ES module because module syntax was detected. This incurs a performance overhead.
# To eliminate this warning, add "type": "module" to /Users/adamowens/.codex/worktrees/b3ce/causent/package.json.
# (Use `node --trace-warnings ...` to show where the warning was created)
# Subtest: action-start intent accepts only one selected report action
ok 221 - action-start intent accepts only one selected report action
  ---
  duration_ms: 0.995459
  type: 'test'
  ...
# Subtest: activation target authorization binds the exact current revision to the session workspace
ok 222 - activation target authorization binds the exact current revision to the session workspace
  ---
  duration_ms: 0.768375
  type: 'test'
  ...
# Subtest: activation target authorization hides cross-workspace and stale reports
ok 223 - activation target authorization hides cross-workspace and stale reports
  ---
  duration_ms: 0.299084
  type: 'test'
  ...
# Subtest: activated action resolution is workspace scoped and returns only a canonical action
ok 224 - activated action resolution is workspace scoped and returns only a canonical action
  ---
  duration_ms: 0.259958
  type: 'test'
  ...
# Subtest: activated action resolution fails closed for hidden and inconsistent bindings
ok 225 - activated action resolution fails closed for hidden and inconsistent bindings
  ---
  duration_ms: 0.2485
  type: 'test'
  ...
# Subtest: activation sends one complete packet to the checked materialization RPC
ok 226 - activation sends one complete packet to the checked materialization RPC
  ---
  duration_ms: 1.309
  type: 'test'
  ...
# Subtest: activation v2 sends the multi-metric packet to v3 and accepts more than three actions
ok 227 - activation v2 sends the multi-metric packet to v3 and accepts more than three actions
  ---
  duration_ms: 0.426083
  type: 'test'
  ...
# Subtest: activation metric loading uses one checked aggregate RPC
ok 228 - activation metric loading uses one checked aggregate RPC
  ---
  duration_ms: 0.213208
  type: 'test'
  ...
# Subtest: invalid activation input never reaches the database
ok 229 - invalid activation input never reaches the database
  ---
  duration_ms: 0.30425
  type: 'test'
  ...
# Subtest: a changed retry maps the database conflict without retrying
ok 230 - a changed retry maps the database conflict without retrying
  ---
  duration_ms: 0.364417
  type: 'test'
  ...
# Subtest: malformed canonical identities fail closed
ok 231 - malformed canonical identities fail closed
  ---
  duration_ms: 0.137791
  type: 'test'
  ...
# (node:48587) [MODULE_TYPELESS_PACKAGE_JSON] Warning: Module type of file:///Users/adamowens/.codex/worktrees/b3ce/causent/lib/decision-reports/mcp-example.test.ts is not specified and it doesn't parse as CommonJS.
# Reparsing as ES module because module syntax was detected. This incurs a performance overhead.
# To eliminate this warning, add "type": "module" to /Users/adamowens/.codex/worktrees/b3ce/causent/package.json.
# (Use `node --trace-warnings ...` to show where the warning was created)
# Subtest: builds the explicitly illustrative current-action MCP command
ok 232 - builds the explicitly illustrative current-action MCP command
  ---
  duration_ms: 0.525208
  type: 'test'
  ...
# Subtest: normalizes and bounds project copy without allowing quote or control injection
ok 233 - normalizes and bounds project copy without allowing quote or control injection
  ---
  duration_ms: 0.165708
  type: 'test'
  ...
# Subtest: uses an honest placeholder for an empty project and rejects untrusted task coordinates
ok 234 - uses an honest placeholder for an empty project and rejects untrusted task coordinates
  ---
  duration_ms: 0.052625
  type: 'test'
  ...
# (node:48588) [MODULE_TYPELESS_PACKAGE_JSON] Warning: Module type of file:///Users/adamowens/.codex/worktrees/b3ce/causent/lib/decision-reports/persistence.integration.test.ts is not specified and it doesn't parse as CommonJS.
# Reparsing as ES module because module syntax was detected. This incurs a performance overhead.
# To eliminate this warning, add "type": "module" to /Users/adamowens/.codex/worktrees/b3ce/causent/package.json.
# (Use `node --trace-warnings ...` to show where the warning was created)
# Subtest: explicit saves are append-only, retry-safe, conflict-safe, and create no graph rows
ok 235 - explicit saves are append-only, retry-safe, conflict-safe, and create no graph rows
  ---
  duration_ms: 240.585333
  type: 'test'
  ...
# Subtest: the database refuses report_ready for a sparse snapshot
ok 236 - the database refuses report_ready for a sparse snapshot
  ---
  duration_ms: 4.8835
  type: 'test'
  ...
# Subtest: the database requires decision context and a plan but not evidence or metric rationale for report_ready
ok 237 - the database requires decision context and a plan but not evidence or metric rationale for report_ready
  ---
  duration_ms: 31.4645
  type: 'test'
  ...
# Subtest: the database rejects missing or tampered v2 source provenance
ok 238 - the database rejects missing or tampered v2 source provenance
  ---
  duration_ms: 7.866625
  type: 'test'
  ...
# Subtest: server-minted receipts reject forged corpus and sourced claims across revisions
ok 239 - server-minted receipts reject forged corpus and sourced claims across revisions
  ---
  duration_ms: 50.433459
  type: 'test'
  ...
# Subtest: local-demo service-role saves consume their one-shot source transition
ok 240 - local-demo service-role saves consume their one-shot source transition
  ---
  duration_ms: 14.863
  type: 'test'
  ...
# Subtest: ordinary saves cannot promote an arbitrary supplied-image id
ok 241 - ordinary saves cannot promote an arbitrary supplied-image id
  ---
  duration_ms: 10.030708
  type: 'test'
  ...
# Subtest: non-active reports leave history after a retry-safe soft deletion
ok 242 - non-active reports leave history after a retry-safe soft deletion
  ---
  duration_ms: 19.871333
  type: 'test'
  ...
# (node:48589) [MODULE_TYPELESS_PACKAGE_JSON] Warning: Module type of file:///Users/adamowens/.codex/worktrees/b3ce/causent/lib/decision-reports/persistence.test.ts is not specified and it doesn't parse as CommonJS.
# Reparsing as ES module because module syntax was detected. This incurs a performance overhead.
# To eliminate this warning, add "type": "module" to /Users/adamowens/.codex/worktrees/b3ce/causent/package.json.
# (Use `node --trace-warnings ...` to show where the warning was created)
# Subtest: save derives report_ready and calls the create RPC for a new complete report
ok 243 - save derives report_ready and calls the create RPC for a new complete report
  ---
  duration_ms: 2.6575
  type: 'test'
  ...
# Subtest: save derives report_ready without evidence and draft without background
ok 244 - save derives report_ready without evidence and draft without background
  ---
  duration_ms: 0.451625
  type: 'test'
  ...
# Subtest: save derives draft for the sparse fallback
ok 245 - save derives draft for the sparse fallback
  ---
  duration_ms: 0.800125
  type: 'test'
  ...
# Subtest: save rejects invalid revision addresses before touching the database
ok 246 - save rejects invalid revision addresses before touching the database
  ---
  duration_ms: 0.06525
  type: 'test'
  ...
# Subtest: an untrusted initial save requires a server-minted source receipt
ok 247 - an untrusted initial save requires a server-minted source receipt
  ---
  duration_ms: 0.055458
  type: 'test'
  ...
# Subtest: an expired or unavailable receipt returns an actionable regeneration path
ok 248 - an expired or unavailable receipt returns an actionable regeneration path
  ---
  duration_ms: 0.147333
  type: 'test'
  ...
# Subtest: save maps an immediate PostgREST 409 to a revision conflict
ok 249 - save maps an immediate PostgREST 409 to a revision conflict
  ---
  duration_ms: 0.131458
  type: 'test'
  ...
# Subtest: load preserves active action source-item identities for the report editor
ok 250 - load preserves active action source-item identities for the report editor
  ---
  duration_ms: 0.606708
  type: 'test'
  ...
# Subtest: delete calls the checked RPC and validates its receipt
ok 251 - delete calls the checked RPC and validates its receipt
  ---
  duration_ms: 0.297709
  type: 'test'
  ...
# Subtest: unknown database errors stay in server logs and never expose constraint names
ok 252 - unknown database errors stay in server logs and never expose constraint names
  ---
  duration_ms: 0.519041
  type: 'test'
  ...
# (node:48590) [MODULE_TYPELESS_PACKAGE_JSON] Warning: Module type of file:///Users/adamowens/.codex/worktrees/b3ce/causent/lib/decision-reports/prediction-calibration.test.ts is not specified and it doesn't parse as CommonJS.
# Reparsing as ES module because module syntax was detected. This incurs a performance overhead.
# To eliminate this warning, add "type": "module" to /Users/adamowens/.codex/worktrees/b3ce/causent/package.json.
# (Use `node --trace-warnings ...` to show where the warning was created)
# Subtest: calculates an implied target while retaining percent-of-mean semantics
ok 253 - calculates an implied target while retaining percent-of-mean semantics
  ---
  duration_ms: 0.442625
  type: 'test'
  ...
# Subtest: formats ratio percentages and currency on their native display scales
ok 254 - formats ratio percentages and currency on their native display scales
  ---
  duration_ms: 0.093542
  type: 'test'
  ...
# Subtest: refuses to imply a native target without a usable baseline
ok 255 - refuses to imply a native target without a usable baseline
  ---
  duration_ms: 0.297708
  type: 'test'
  ...
# (node:48591) [MODULE_TYPELESS_PACKAGE_JSON] Warning: Module type of file:///Users/adamowens/.codex/worktrees/b3ce/causent/lib/decision-reports/product-continuity.test.ts is not specified and it doesn't parse as CommonJS.
# Reparsing as ES module because module syntax was detected. This incurs a performance overhead.
# To eliminate this warning, add "type": "module" to /Users/adamowens/.codex/worktrees/b3ce/causent/package.json.
# (Use `node --trace-warnings ...` to show where the warning was created)
# Subtest: percent scale follows the connected metric's stored values
ok 256 - percent scale follows the connected metric's stored values
  ---
  duration_ms: 0.383958
  type: 'test'
  ...
# Subtest: the report lifecycle advances without adding a second activation action
ok 257 - the report lifecycle advances without adding a second activation action
  ---
  duration_ms: 0.3315
  type: 'test'
  ...
# Subtest: the native commitment baseline stops at the commitment date
ok 258 - the native commitment baseline stops at the commitment date
  ---
  duration_ms: 0.070958
  type: 'test'
  ...
# Subtest: the lifecycle presents an active report as immutable
ok 259 - the lifecycle presents an active report as immutable
  ---
  duration_ms: 0.103333
  type: 'test'
  ...
# Subtest: the execution header keeps commitment direction and plan state explicit
ok 260 - the execution header keeps commitment direction and plan state explicit
  ---
  duration_ms: 0.112709
  type: 'test'
  ...
# (node:48592) [MODULE_TYPELESS_PACKAGE_JSON] Warning: Module type of file:///Users/adamowens/.codex/worktrees/b3ce/causent/lib/decision-reports/report-canvas.test.ts is not specified and it doesn't parse as CommonJS.
# Reparsing as ES module because module syntax was detected. This incurs a performance overhead.
# To eliminate this warning, add "type": "module" to /Users/adamowens/.codex/worktrees/b3ce/causent/package.json.
# (Use `node --trace-warnings ...` to show where the warning was created)
# Subtest: composes the report into the two stable editor canvases
ok 261 - composes the report into the two stable editor canvases
  ---
  duration_ms: 0.951083
  type: 'test'
  ...
# Subtest: canvas structural identity ignores content and display-title edits
ok 262 - canvas structural identity ignores content and display-title edits
  ---
  duration_ms: 0.197958
  type: 'test'
  ...
# Subtest: split returns validated claim documents and rejects forged identities
ok 263 - split returns validated claim documents and rejects forged identities
  ---
  duration_ms: 0.74
  type: 'test'
  ...
# Subtest: action-plan split retains typed slots while rejecting forged action identities
ok 264 - action-plan split retains typed slots while rejecting forged action identities
  ---
  duration_ms: 0.263541
  type: 'test'
  ...
# Subtest: an empty evidence collection keeps the optional canvas section
ok 265 - an empty evidence collection keeps the optional canvas section
  ---
  duration_ms: 0.145791
  type: 'test'
  ...
# (node:48593) [MODULE_TYPELESS_PACKAGE_JSON] Warning: Module type of file:///Users/adamowens/.codex/worktrees/b3ce/causent/lib/decision-reports/rollout.test.ts is not specified and it doesn't parse as CommonJS.
# Reparsing as ES module because module syntax was detected. This incurs a performance overhead.
# To eliminate this warning, add "type": "module" to /Users/adamowens/.codex/worktrees/b3ce/causent/package.json.
# (Use `node --trace-warnings ...` to show where the warning was created)
# Subtest: unassigned authenticated starts use the current Decision Report flow
ok 266 - unassigned authenticated starts use the current Decision Report flow
  ---
  duration_ms: 0.42275
  type: 'test'
  ...
# Subtest: enabled new starts use Decision Report
ok 267 - enabled new starts use Decision Report
  ---
  duration_ms: 0.100208
  type: 'test'
  ...
# Subtest: a stale legacy URL is promoted when rollout is enabled or unassigned
ok 268 - a stale legacy URL is promoted when rollout is enabled or unassigned
  ---
  duration_ms: 0.054083
  type: 'test'
  ...
# Subtest: disabling rollout sends an unsaved Decision Report start to legacy
ok 269 - disabling rollout sends an unsaved Decision Report start to legacy
  ---
  duration_ms: 0.043958
  type: 'test'
  ...
# Subtest: lookup failures fail closed for unsaved starts
ok 270 - lookup failures fail closed for unsaved starts
  ---
  duration_ms: 0.0455
  type: 'test'
  ...
# Subtest: saved reports survive rollback and lookup failures
ok 271 - saved reports survive rollback and lookup failures
  ---
  duration_ms: 0.045375
  type: 'test'
  ...
# Subtest: rollout lookup distinguishes enabled, disabled, and unassigned rows
ok 272 - rollout lookup distinguishes enabled, disabled, and unassigned rows
  ---
  duration_ms: 0.476334
  type: 'test'
  ...
# Subtest: anonymous local demo remains gated by its explicit flag
ok 273 - anonymous local demo remains gated by its explicit flag
  ---
  duration_ms: 0.054125
  type: 'test'
  ...
# Subtest: rollout lookup failures become unavailable without logging user PII
ok 274 - rollout lookup failures become unavailable without logging user PII
  ---
  duration_ms: 0.330667
  type: 'test'
  ...
# (node:48594) [MODULE_TYPELESS_PACKAGE_JSON] Warning: Module type of file:///Users/adamowens/.codex/worktrees/b3ce/causent/lib/decision-reports/schema.test.ts is not specified and it doesn't parse as CommonJS.
# Reparsing as ES module because module syntax was detected. This incurs a performance overhead.
# To eliminate this warning, add "type": "module" to /Users/adamowens/.codex/worktrees/b3ce/causent/package.json.
# (Use `node --trace-warnings ...` to show where the warning was created)
# Subtest: Gummy Alpha is a valid versioned Decision Report fixture
ok 275 - Gummy Alpha is a valid versioned Decision Report fixture
  ---
  duration_ms: 1.372042
  type: 'test'
  ...
# Subtest: Northstar Support is a complete activation-ready Decision Report fixture
ok 276 - Northstar Support is a complete activation-ready Decision Report fixture
  ---
  duration_ms: 0.56225
  type: 'test'
  ...
# Subtest: sourced claims require a source chunk
ok 277 - sourced claims require a source chunk
  ---
  duration_ms: 0.219125
  type: 'test'
  ...
# Subtest: missing claims cannot silently contain text
ok 278 - missing claims cannot silently contain text
  ---
  duration_ms: 0.281542
  type: 'test'
  ...
# Subtest: action plans allow 25 draft actions but reject a 26th
ok 279 - action plans allow 25 draft actions but reject a 26th
  ---
  duration_ms: 0.406333
  type: 'test'
  ...
# Subtest: action execution metadata is bounded and validated
ok 280 - action execution metadata is bounded and validated
  ---
  duration_ms: 0.124375
  type: 'test'
  ...
# Subtest: activation draft intent is optional, bounded, and tied to report actions
ok 281 - activation draft intent is optional, bounded, and tied to report actions
  ---
  duration_ms: 1.168792
  type: 'test'
  ...
# Subtest: legacy activation drafts resolve the confirmed metric as their selected set
ok 282 - legacy activation drafts resolve the confirmed metric as their selected set
  ---
  duration_ms: 0.145375
  type: 'test'
  ...
# Subtest: selected metrics and action assignments are UUID-bounded and internally consistent
ok 283 - selected metrics and action assignments are UUID-bounded and internally consistent
  ---
  duration_ms: 0.768625
  type: 'test'
  ...
# Subtest: supporting action monitoring context is optional, bounded, and non-causal
ok 284 - supporting action monitoring context is optional, bounded, and non-causal
  ---
  duration_ms: 0.410042
  type: 'test'
  ...
# Subtest: supporting evidence cannot exceed three proof claims
ok 285 - supporting evidence cannot exceed three proof claims
  ---
  duration_ms: 0.151209
  type: 'test'
  ...
# Subtest: sanitized source metadata persists the chunk-to-source mapping
ok 286 - sanitized source metadata persists the chunk-to-source mapping
  ---
  duration_ms: 0.095958
  type: 'test'
  ...
# Subtest: new reports cannot omit or forge durable source provenance
ok 287 - new reports cannot omit or forge durable source provenance
  ---
  duration_ms: 0.111833
  type: 'test'
  ...
# Subtest: legacy v1 snapshots remain readable without claiming v2 provenance
ok 288 - legacy v1 snapshots remain readable without claiming v2 provenance
  ---
  duration_ms: 0.161791
  type: 'test'
  ...
# Subtest: plain text normalizes to a valid portable document without changing content
ok 289 - plain text normalizes to a valid portable document without changing content
  ---
  duration_ms: 0.28625
  type: 'test'
  ...
# Subtest: the portable rich-text allowlist preserves deterministic plain text
ok 290 - the portable rich-text allowlist preserves deterministic plain text
  ---
  duration_ms: 0.255583
  type: 'test'
  ...
# Subtest: report presentation is optional, claim-keyed, and backward compatible
ok 291 - report presentation is optional, claim-keyed, and backward compatible
  ---
  duration_ms: 0.37475
  type: 'test'
  ...
# Subtest: report presentation rejects orphaned and text-divergent claim documents
ok 292 - report presentation rejects orphaned and text-divergent claim documents
  ---
  duration_ms: 0.372291
  type: 'test'
  ...
# Subtest: report presentation rejects unknown versions and fields
ok 293 - report presentation rejects unknown versions and fields
  ---
  duration_ms: 0.135541
  type: 'test'
  ...
# Subtest: portable rich text rejects unknown structure, attributes, marks, and list shapes
ok 294 - portable rich text rejects unknown structure, attributes, marks, and list shapes
  ---
  duration_ms: 0.09225
  type: 'test'
  ...
# Subtest: portable rich text accepts only bounded absolute HTTP and HTTPS links
ok 295 - portable rich text accepts only bounded absolute HTTP and HTTPS links
  ---
  duration_ms: 0.235667
  type: 'test'
  ...
# Subtest: portable rich-text node, depth, character, and link limits fail closed
ok 296 - portable rich-text node, depth, character, and link limits fail closed
  ---
  duration_ms: 0.250125
  type: 'test'
  ...
# Subtest: report presentation has a total serialized-size ceiling below the snapshot limit
ok 297 - report presentation has a total serialized-size ceiling below the snapshot limit
  ---
  duration_ms: 0.789042
  type: 'test'
  ...
# Subtest: metric projections validate bounded percentages and evidence state
ok 298 - metric projections validate bounded percentages and evidence state
  ---
  duration_ms: 0.056333
  type: 'test'
  ...
# (node:48595) [MODULE_TYPELESS_PACKAGE_JSON] Warning: Module type of file:///Users/adamowens/.codex/worktrees/b3ce/causent/lib/decision-reports/sources/corpus.test.ts is not specified and it doesn't parse as CommonJS.
# Reparsing as ES module because module syntax was detected. This incurs a performance overhead.
# To eliminate this warning, add "type": "module" to /Users/adamowens/.codex/worktrees/b3ce/causent/package.json.
# (Use `node --trace-warnings ...` to show where the warning was created)
# Subtest: corpus builder assigns server-owned source and chunk IDs
ok 299 - corpus builder assigns server-owned source and chunk IDs
  ---
  duration_ms: 1.604542
  type: 'test'
  ...
# Subtest: chunker preserves all normalized text inside bounded chunks
ok 300 - chunker preserves all normalized text inside bounded chunks
  ---
  duration_ms: 0.656625
  type: 'test'
  ...
# Subtest: combined source corpus rejects text beyond the model-input ceiling
ok 301 - combined source corpus rejects text beyond the model-input ceiling
  ---
  duration_ms: 0.810792
  type: 'test'
  ...
# (node:48597) [MODULE_TYPELESS_PACKAGE_JSON] Warning: Module type of file:///Users/adamowens/.codex/worktrees/b3ce/causent/lib/decision-reports/sources/form-data.test.ts is not specified and it doesn't parse as CommonJS.
# Reparsing as ES module because module syntax was detected. This incurs a performance overhead.
# To eliminate this warning, add "type": "module" to /Users/adamowens/.codex/worktrees/b3ce/causent/package.json.
# (Use `node --trace-warnings ...` to show where the warning was created)
# Subtest: source action input keeps raw string compatibility
ok 302 - source action input keeps raw string compatibility
  ---
  duration_ms: 0.62125
  type: 'test'
  ...
# Subtest: source action input accepts at most one URL and one bounded PDF
ok 303 - source action input accepts at most one URL and one bounded PDF
  ---
  duration_ms: 9.700084
  type: 'test'
  ...
# Subtest: source action input rejects duplicate and oversized PDF fields before extraction
ok 304 - source action input rejects duplicate and oversized PDF fields before extraction
  ---
  duration_ms: 0.897333
  type: 'test'
  ...
# (node:48599) [MODULE_TYPELESS_PACKAGE_JSON] Warning: Module type of file:///Users/adamowens/.codex/worktrees/b3ce/causent/lib/decision-reports/sources/html.test.ts is not specified and it doesn't parse as CommonJS.
# Reparsing as ES module because module syntax was detected. This incurs a performance overhead.
# To eliminate this warning, add "type": "module" to /Users/adamowens/.codex/worktrees/b3ce/causent/package.json.
# (Use `node --trace-warnings ...` to show where the warning was created)
# Subtest: HTML extraction preserves structural text and removes executable or hidden content
ok 305 - HTML extraction preserves structural text and removes executable or hidden content
  ---
  duration_ms: 1.769208
  type: 'test'
  ...
# Subtest: HTML extraction normalizes whitespace without concatenating block elements
ok 306 - HTML extraction normalizes whitespace without concatenating block elements
  ---
  duration_ms: 0.092625
  type: 'test'
  ...
# Subtest: HTML extraction strips JSON-unsafe control characters from titles and text
ok 307 - HTML extraction strips JSON-unsafe control characters from titles and text
  ---
  duration_ms: 0.088583
  type: 'test'
  ...
# (node:48602) [MODULE_TYPELESS_PACKAGE_JSON] Warning: Module type of file:///Users/adamowens/.codex/worktrees/b3ce/causent/lib/decision-reports/sources/pdf.test.ts is not specified and it doesn't parse as CommonJS.
# Reparsing as ES module because module syntax was detected. This incurs a performance overhead.
# To eliminate this warning, add "type": "module" to /Users/adamowens/.codex/worktrees/b3ce/causent/package.json.
# (Use `node --trace-warnings ...` to show where the warning was created)
# Subtest: PDF ingestion returns page-structured text and destroys the parser
ok 308 - PDF ingestion returns page-structured text and destroys the parser
  ---
  duration_ms: 1.123125
  type: 'test'
  ...
# Subtest: installed PDF parser extracts a bounded real text PDF
ok 309 - installed PDF parser extracts a bounded real text PDF
  ---
  duration_ms: 154.454708
  type: 'test'
  ...
# Subtest: PDF ingestion rejects type, filename, signature, size, and unsafe feature indicators
ok 310 - PDF ingestion rejects type, filename, signature, size, and unsafe feature indicators
  ---
  duration_ms: 0.618917
  type: 'test'
  ...
# Subtest: PDF ingestion rejects excessive pages, image-only text, malformed data, and timeouts
ok 311 - PDF ingestion rejects excessive pages, image-only text, malformed data, and timeouts
  ---
  duration_ms: 5.808125
  type: 'test'
  ...
# (node:48607) [MODULE_TYPELESS_PACKAGE_JSON] Warning: Module type of file:///Users/adamowens/.codex/worktrees/b3ce/causent/lib/decision-reports/sources/url.test.ts is not specified and it doesn't parse as CommonJS.
# Reparsing as ES module because module syntax was detected. This incurs a performance overhead.
# To eliminate this warning, add "type": "module" to /Users/adamowens/.codex/worktrees/b3ce/causent/package.json.
# (Use `node --trace-warnings ...` to show where the warning was created)
# Subtest: IP policy rejects private, loopback, documentation, and mapped-private ranges
ok 312 - IP policy rejects private, loopback, documentation, and mapped-private ranges
  ---
  duration_ms: 3.610416
  type: 'test'
  ...
# Subtest: pinned URL lookup honors Node scalar and all-address callback shapes
ok 313 - pinned URL lookup honors Node scalar and all-address callback shapes
  ---
  duration_ms: 0.359
  type: 'test'
  ...
# Subtest: URL ingestion requires HTTPS on 443 without credentials
ok 314 - URL ingestion requires HTTPS on 443 without credentials
  ---
  duration_ms: 0.435541
  type: 'test'
  ...
# Subtest: URL ingestion pins a validated public DNS result and returns only safe metadata and text
ok 315 - URL ingestion pins a validated public DNS result and returns only safe metadata and text
  ---
  duration_ms: 1.176
  type: 'test'
  ...
# Subtest: all DNS answers must be public and redirects are revalidated before the next request
ok 316 - all DNS answers must be public and redirects are revalidated before the next request
  ---
  duration_ms: 0.256958
  type: 'test'
  ...
# Subtest: URL ingestion rejects unsupported types, compression, oversized bodies, and invalid UTF-8
ok 317 - URL ingestion rejects unsupported types, compression, oversized bodies, and invalid UTF-8
  ---
  duration_ms: 0.920333
  type: 'test'
  ...
# Subtest: transport cleanup failures do not replace an accepted bounded source
ok 318 - transport cleanup failures do not replace an accepted bounded source
  ---
  duration_ms: 0.162417
  type: 'test'
  ...
# Subtest: URL ingestion applies one total timeout
ok 319 - URL ingestion applies one total timeout
  ---
  duration_ms: 10.617958
  type: 'test'
  ...
# (node:48608) [MODULE_TYPELESS_PACKAGE_JSON] Warning: Module type of file:///Users/adamowens/.codex/worktrees/b3ce/causent/lib/decision-reports/tiptap-adapter.test.ts is not specified and it doesn't parse as CommonJS.
# Reparsing as ES module because module syntax was detected. This incurs a performance overhead.
# To eliminate this warning, add "type": "module" to /Users/adamowens/.codex/worktrees/b3ce/causent/package.json.
# (Use `node --trace-warnings ...` to show where the warning was created)
# Subtest: supported Tiptap JSON round-trips into the portable document
ok 320 - supported Tiptap JSON round-trips into the portable document
  ---
  duration_ms: 1.527708
  type: 'test'
  ...
# Subtest: Docs-like attributes are stripped and h1 is normalized to h2
ok 321 - Docs-like attributes are stripped and h1 is normalized to h2
  ---
  duration_ms: 0.256125
  type: 'test'
  ...
# Subtest: unsafe links, forged link values, unsupported marks, and unsupported nodes are removed
ok 322 - unsafe links, forged link values, unsupported marks, and unsupported nodes are removed
  ---
  duration_ms: 0.16575
  type: 'test'
  ...
# Subtest: list structure is retained while invalid children and list attributes are discarded
ok 323 - list structure is retained while invalid children and list attributes are discarded
  ---
  duration_ms: 0.17975
  type: 'test'
  ...
# (node:48609) [MODULE_TYPELESS_PACKAGE_JSON] Warning: Module type of file:///Users/adamowens/.codex/worktrees/b3ce/causent/lib/decision-reports/workspace-draft.test.ts is not specified and it doesn't parse as CommonJS.
# Reparsing as ES module because module syntax was detected. This incurs a performance overhead.
# To eliminate this warning, add "type": "module" to /Users/adamowens/.codex/worktrees/b3ce/causent/package.json.
# (Use `node --trace-warnings ...` to show where the warning was created)
# Subtest: keeps a generated draft when the server action moves into its workspace
ok 324 - keeps a generated draft when the server action moves into its workspace
  ---
  duration_ms: 0.34875
  type: 'test'
  ...
# Subtest: discards a mounted draft when the header selects another workspace
ok 325 - discards a mounted draft when the header selects another workspace
  ---
  duration_ms: 0.055833
  type: 'test'
  ...
# (node:48610) [MODULE_TYPELESS_PACKAGE_JSON] Warning: Module type of file:///Users/adamowens/.codex/worktrees/b3ce/causent/lib/drift/refresh.test.ts is not specified and it doesn't parse as CommonJS.
# Reparsing as ES module because module syntax was detected. This incurs a performance overhead.
# To eliminate this warning, add "type": "module" to /Users/adamowens/.codex/worktrees/b3ce/causent/package.json.
# (Use `node --trace-warnings ...` to show where the warning was created)
# Subtest: unconfigured refresh defers without throwing
ok 326 - unconfigured refresh defers without throwing
  ---
  duration_ms: 0.710083
  type: 'test'
  ...
# Subtest: kick sends only bounded queue filters and private secret
ok 327 - kick sends only bounded queue filters and private secret
  ---
  duration_ms: 10.250334
  type: 'test'
  ...
# Subtest: summary parser is exact, internally consistent, and bounded
ok 328 - summary parser is exact, internally consistent, and bounded
  ---
  duration_ms: 0.144625
  type: 'test'
  ...
# Subtest: network, response, and terminal failures remain non-success
ok 329 - network, response, and terminal failures remain non-success
  ---
  duration_ms: 0.489833
  type: 'test'
  ...
# (node:48611) [MODULE_TYPELESS_PACKAGE_JSON] Warning: Module type of file:///Users/adamowens/.codex/worktrees/b3ce/causent/lib/funnel/__tests__/events.test.ts is not specified and it doesn't parse as CommonJS.
# Reparsing as ES module because module syntax was detected. This incurs a performance overhead.
# To eliminate this warning, add "type": "module" to /Users/adamowens/.codex/worktrees/b3ce/causent/package.json.
# (Use `node --trace-warnings ...` to show where the warning was created)
# Subtest: median handles empty, odd, and even counts
ok 330 - median handles empty, odd, and even counts
  ---
  duration_ms: 0.432208
  type: 'test'
  ...
# Subtest: empty event set yields null rates, zero counts
ok 331 - empty event set yields null rates, zero counts
  ---
  duration_ms: 0.527334
  type: 'test'
  ...
# Subtest: commit rate = committed runs / landed runs, deduped per session
ok 332 - commit rate = committed runs / landed runs, deduped per session
  ---
  duration_ms: 0.110042
  type: 'test'
  ...
# Subtest: time-to-first-type: median + under-30s-target rate
ok 333 - time-to-first-type: median + under-30s-target rate
  ---
  duration_ms: 0.485833
  type: 'test'
  ...
# Subtest: resolution-return rate = committed runs that came back to a scorecard
ok 334 - resolution-return rate = committed runs that came back to a scorecard
  ---
  duration_ms: 0.153292
  type: 'test'
  ...
# Subtest: Decision Report events never inflate the legacy funnel
ok 335 - Decision Report events never inflate the legacy funnel
  ---
  duration_ms: 0.053083
  type: 'test'
  ...
# Subtest: Decision Report metrics dedupe stages, expose observed dropoff, and retain failure retries
ok 336 - Decision Report metrics dedupe stages, expose observed dropoff, and retain failure retries
  ---
  duration_ms: 0.46425
  type: 'test'
  ...
# Subtest: Decision Report metric fold ignores unsafe engagement metadata
ok 337 - Decision Report metric fold ignores unsafe engagement metadata
  ---
  duration_ms: 0.128542
  type: 'test'
  ...
# (node:48612) [MODULE_TYPELESS_PACKAGE_JSON] Warning: Module type of file:///Users/adamowens/.codex/worktrees/b3ce/causent/lib/impact/report-impact.test.ts is not specified and it doesn't parse as CommonJS.
# Reparsing as ES module because module syntax was detected. This incurs a performance overhead.
# To eliminate this warning, add "type": "module" to /Users/adamowens/.codex/worktrees/b3ce/causent/package.json.
# (Use `node --trace-warnings ...` to show where the warning was created)
# Subtest: the active-report view keeps one causal lever and traces support actions without attribution
ok 338 - the active-report view keeps one causal lever and traces support actions without attribution
  ---
  duration_ms: 7.719375
  type: 'test'
  ...
# Subtest: timeline references share the connected ratio-form percent scale
ok 339 - timeline references share the connected ratio-form percent scale
  ---
  duration_ms: 0.116083
  type: 'test'
  ...
# Subtest: active timeline levels use the commitment baseline and implied native target
ok 340 - active timeline levels use the commitment baseline and implied native target
  ---
  duration_ms: 0.148125
  type: 'test'
  ...
# Subtest: an unresolved primary action stays blank instead of becoming a zero result
ok 341 - an unresolved primary action stays blank instead of becoming a zero result
  ---
  duration_ms: 0.168583
  type: 'test'
  ...
# Subtest: decision package uses the latest-effective action as timing without individual attribution
ok 342 - decision package uses the latest-effective action as timing without individual attribution
  ---
  duration_ms: 0.18775
  type: 'test'
  ...
# Subtest: an inconclusive numeric result stays visibly non-confident
ok 343 - an inconclusive numeric result stays visibly non-confident
  ---
  duration_ms: 0.1195
  type: 'test'
  ...
# (node:48613) [MODULE_TYPELESS_PACKAGE_JSON] Warning: Module type of file:///Users/adamowens/.codex/worktrees/b3ce/causent/lib/ingest/__tests__/cli-args.test.ts is not specified and it doesn't parse as CommonJS.
# Reparsing as ES module because module syntax was detected. This incurs a performance overhead.
# To eliminate this warning, add "type": "module" to /Users/adamowens/.codex/worktrees/b3ce/causent/package.json.
# (Use `node --trace-warnings ...` to show where the warning was created)
# Subtest: parseArgs maps owner/repo and valid flags
ok 344 - parseArgs maps owner/repo and valid flags
  ---
  duration_ms: 0.740584
  type: 'test'
  ...
# Subtest: parseArgs defaults scope to the demo scope and leaves caps unset
ok 345 - parseArgs defaults scope to the demo scope and leaves caps unset
  ---
  duration_ms: 0.069958
  type: 'test'
  ...
# Subtest: parseArgs throws usage when owner/repo are missing
ok 346 - parseArgs throws usage when owner/repo are missing
  ---
  duration_ms: 0.200291
  type: 'test'
  ...
# Subtest: parseArgs rejects a missing flag value (the silent-NaN bug)
ok 347 - parseArgs rejects a missing flag value (the silent-NaN bug)
  ---
  duration_ms: 0.063583
  type: 'test'
  ...
# Subtest: parseArgs rejects non-positive or non-numeric window/max
ok 348 - parseArgs rejects non-positive or non-numeric window/max
  ---
  duration_ms: 0.13075
  type: 'test'
  ...
# Subtest: parseArgs rejects a non-UUID scope (silent undefined-scope bug)
ok 349 - parseArgs rejects a non-UUID scope (silent undefined-scope bug)
  ---
  duration_ms: 0.134959
  type: 'test'
  ...
# Subtest: parseArgs rejects unknown flags
ok 350 - parseArgs rejects unknown flags
  ---
  duration_ms: 0.048625
  type: 'test'
  ...
# (node:48614) [MODULE_TYPELESS_PACKAGE_JSON] Warning: Module type of file:///Users/adamowens/.codex/worktrees/b3ce/causent/lib/ingest/__tests__/github.test.ts is not specified and it doesn't parse as CommonJS.
# Reparsing as ES module because module syntax was detected. This incurs a performance overhead.
# To eliminate this warning, add "type": "module" to /Users/adamowens/.codex/worktrees/b3ce/causent/package.json.
# (Use `node --trace-warnings ...` to show where the warning was created)
# Subtest: same-number PRs in different repositories stay distinct through parsing and UI identity
ok 351 - same-number PRs in different repositories stay distinct through parsing and UI identity
  ---
  duration_ms: 2.381292
  type: 'test'
  ...
# Subtest: repository rename and transfer retain identity; provider kind remains separate
ok 352 - repository rename and transfer retain identity; provider kind remains separate
  ---
  duration_ms: 0.210792
  type: 'test'
  ...
# Subtest: overlapping insert receipts count concurrent duplicates and retain fresh rows
ok 353 - overlapping insert receipts count concurrent duplicates and retain fresh rows
  ---
  duration_ms: 0.518583
  type: 'test'
  ...
# Subtest: unrelated storage failures and mixed-scope input never become duplicate success
ok 354 - unrelated storage failures and mixed-scope input never become duplicate success
  ---
  duration_ms: 0.252084
  type: 'test'
  ...
# Subtest: parsePullRequestToAction maps a merged PR to an action row
ok 355 - parsePullRequestToAction maps a merged PR to an action row
  ---
  duration_ms: 0.105167
  type: 'test'
  ...
# Subtest: parsePullRequestToAction returns null for a closed-but-unmerged PR
ok 356 - parsePullRequestToAction returns null for a closed-but-unmerged PR
  ---
  duration_ms: 0.041917
  type: 'test'
  ...
# Subtest: parseIssueToAction maps a resolved (completed) issue to an action row
ok 357 - parseIssueToAction maps a resolved (completed) issue to an action row
  ---
  duration_ms: 0.077083
  type: 'test'
  ...
# Subtest: parseIssueToAction skips not_planned, still-open, and PR-shaped issues
ok 358 - parseIssueToAction skips not_planned, still-open, and PR-shaped issues
  ---
  duration_ms: 0.047625
  type: 'test'
  ...
# Subtest: parsePullRequestToAction drops (does not throw on) an unparseable merged_at
ok 359 - parsePullRequestToAction drops (does not throw on) an unparseable merged_at
  ---
  duration_ms: 0.207291
  type: 'test'
  ...
# Subtest: parseIssueToAction drops (does not throw on) an unparseable closed_at
ok 360 - parseIssueToAction drops (does not throw on) an unparseable closed_at
  ---
  duration_ms: 0.28
  type: 'test'
  ...
# Subtest: requestWithBackoff honors Retry-After, then returns the body
ok 361 - requestWithBackoff honors Retry-After, then returns the body
  ---
  duration_ms: 0.201458
  type: 'test'
  ...
# Subtest: requestWithBackoff falls back to X-RateLimit-Reset when no Retry-After
ok 362 - requestWithBackoff falls back to X-RateLimit-Reset when no Retry-After
  ---
  duration_ms: 0.088875
  type: 'test'
  ...
# Subtest: requestWithBackoff throws GitHubRequestError on a non-rate-limit failure
ok 363 - requestWithBackoff throws GitHubRequestError on a non-rate-limit failure
  ---
  duration_ms: 0.07225
  type: 'test'
  ...
# Subtest: ingestActions parses PRs + issues into deduped action rows in the window
ok 364 - ingestActions parses PRs + issues into deduped action rows in the window
  ---
  duration_ms: 0.504042
  type: 'test'
  ...
# Subtest: ingestActions caps to the recent window (excludes the old PR \#7900)
ok 365 - ingestActions caps to the recent window (excludes the old PR \#7900)
  ---
  duration_ms: 0.605
  type: 'test'
  ...
# Subtest: ingestActions respects a tighter windowDays
ok 366 - ingestActions respects a tighter windowDays
  ---
  duration_ms: 0.198666
  type: 'test'
  ...
# Subtest: ingestActions applies the maxItems count cap, newest first
ok 367 - ingestActions applies the maxItems count cap, newest first
  ---
  duration_ms: 0.125958
  type: 'test'
  ...
# Subtest: ingestActions is idempotent: a second run inserts nothing
ok 368 - ingestActions is idempotent: a second run inserts nothing
  ---
  duration_ms: 0.308
  type: 'test'
  ...
# Subtest: upsertActions skips refs that already exist
ok 369 - upsertActions skips refs that already exist
  ---
  duration_ms: 0.112459
  type: 'test'
  ...
# Subtest: upsertActions dedups duplicate external_refs within one run (batch never poisoned)
ok 370 - upsertActions dedups duplicate external_refs within one run (batch never poisoned)
  ---
  duration_ms: 0.051709
  type: 'test'
  ...
# Subtest: rationale caps per-line length (a huge single-line body stays bounded)
ok 371 - rationale caps per-line length (a huge single-line body stays bounded)
  ---
  duration_ms: 0.813792
  type: 'test'
  ...
# (node:48615) [MODULE_TYPELESS_PACKAGE_JSON] Warning: Module type of file:///Users/adamowens/.codex/worktrees/b3ce/causent/lib/levers/__tests__/jira-lever.integration.test.ts is not specified and it doesn't parse as CommonJS.
# Reparsing as ES module because module syntax was detected. This incurs a performance overhead.
# To eliminate this warning, add "type": "module" to /Users/adamowens/.codex/worktrees/b3ce/causent/package.json.
# (Use `node --trace-warnings ...` to show where the warning was created)
# Subtest: new Jira drafts require an explicit site binding before database access
ok 372 - new Jira drafts require an explicit site binding before database access
  ---
  duration_ms: 48.370917
  type: 'test'
  ...
# Subtest: Jira read-only: draft → paste-URL scan detects and attributes
ok 373 - Jira read-only: draft → paste-URL scan detects and attributes
  ---
  duration_ms: 74.945875
  type: 'test'
  ...
# Subtest: Jira webhook detects; redelivery dedups; Won't-Do records LEVER_DROPPED
ok 374 - Jira webhook detects; redelivery dedups; Won't-Do records LEVER_DROPPED
  ---
  duration_ms: 69.243958
  type: 'test'
  ...
# Subtest: a valid Jira secret cannot attribute a known token from another site
ok 375 - a valid Jira secret cannot attribute a known token from another site
  ---
  duration_ms: 43.810292
  type: 'test'
  ...
# Subtest: legacy Jira rows quarantine without retries, then process after an explicit site rebind
ok 376 - legacy Jira rows quarantine without retries, then process after an explicit site rebind
  ---
  duration_ms: 118.404125
  type: 'test'
  ...
# Subtest: write-scope auto-create attributes with zero clicks and never duplicates (GitHub)
ok 377 - write-scope auto-create attributes with zero clicks and never duplicates (GitHub)
  ---
  duration_ms: 77.228333
  type: 'test'
  ...
# Subtest: write-scope auto-create sets the issue-property strategy (Jira)
ok 378 - write-scope auto-create sets the issue-property strategy (Jira)
  ---
  duration_ms: 70.666166
  type: 'test'
  ...
# (node:48621) [MODULE_TYPELESS_PACKAGE_JSON] Warning: Module type of file:///Users/adamowens/.codex/worktrees/b3ce/causent/lib/levers/__tests__/lever.integration.test.ts is not specified and it doesn't parse as CommonJS.
# Reparsing as ES module because module syntax was detected. This incurs a performance overhead.
# To eliminate this warning, add "type": "module" to /Users/adamowens/.codex/worktrees/b3ce/causent/package.json.
# (Use `node --trace-warnings ...` to show where the warning was created)
# Subtest: draft → detect materializes actions + lever and attributes the prediction
ok 379 - draft → detect materializes actions + lever and attributes the prediction
  ---
  duration_ms: 100.872042
  type: 'test'
  ...
# Subtest: interactive paste attribution cannot cross a same-org workspace
ok 380 - interactive paste attribution cannot cross a same-org workspace
  ---
  duration_ms: 66.930875
  type: 'test'
  ...
# Subtest: webhook receiver detects a signed payload; redelivery is a no-op
ok 381 - webhook receiver detects a signed payload; redelivery is a no-op
  ---
  duration_ms: 60.20425
  type: 'test'
  ...
# Subtest: a delivery received before its lever is durable and succeeds on exact retry
ok 382 - a delivery received before its lever is durable and succeeds on exact retry
  ---
  duration_ms: 68.096
  type: 'test'
  ...
# Subtest: a signed GitHub delivery cannot attribute a token from another repository
ok 383 - a signed GitHub delivery cannot attribute a token from another repository
  ---
  duration_ms: 52.642625
  type: 'test'
  ...
# Subtest: reconcile detects a missed lever via the mocked poll
ok 384 - reconcile detects a missed lever via the mocked poll
  ---
  duration_ms: 66.685792
  type: 'test'
  ...
# Subtest: stale draft times out to TIMED_OUT
ok 385 - stale draft times out to TIMED_OUT
  ---
  duration_ms: 59.716125
  type: 'test'
  ...
# (node:48622) [MODULE_TYPELESS_PACKAGE_JSON] Warning: Module type of file:///Users/adamowens/.codex/worktrees/b3ce/causent/lib/levers/webhook-inbox.test.ts is not specified and it doesn't parse as CommonJS.
# Reparsing as ES module because module syntax was detected. This incurs a performance overhead.
# To eliminate this warning, add "type": "module" to /Users/adamowens/.codex/worktrees/b3ce/causent/package.json.
# (Use `node --trace-warnings ...` to show where the warning was created)
# Subtest: connector origins accept only normalized HTTPS tracker origins
ok 386 - connector origins accept only normalized HTTPS tracker origins
  ---
  duration_ms: 0.468042
  type: 'test'
  ...
# Subtest: connector delivery digests bind the exact verified body
ok 387 - connector delivery digests bind the exact verified body
  ---
  duration_ms: 0.257959
  type: 'test'
  ...
# Subtest: connector bodies fail closed above the durable inbox bound
ok 388 - connector bodies fail closed above the durable inbox bound
  ---
  duration_ms: 0.916917
  type: 'test'
  ...
# (node:48623) [MODULE_TYPELESS_PACKAGE_JSON] Warning: Module type of file:///Users/adamowens/.codex/worktrees/b3ce/causent/lib/metrics/action-visuals.test.ts is not specified and it doesn't parse as CommonJS.
# Reparsing as ES module because module syntax was detected. This incurs a performance overhead.
# To eliminate this warning, add "type": "module" to /Users/adamowens/.codex/worktrees/b3ce/causent/package.json.
# (Use `node --trace-warnings ...` to show where the warning was created)
# Subtest: history context reports raw latest value and the selected observation window
ok 389 - history context reports raw latest value and the selected observation window
  ---
  duration_ms: 0.605667
  type: 'test'
  ...
# Subtest: history context keeps an honest empty state
ok 390 - history context keeps an honest empty state
  ---
  duration_ms: 0.061958
  type: 'test'
  ...
# Subtest: report markers include exact window boundaries and identify the primary action
ok 391 - report markers include exact window boundaries and identify the primary action
  ---
  duration_ms: 6.229417
  type: 'test'
  ...
# Subtest: same-day markers retain report order without mutating the input
ok 392 - same-day markers retain report order without mutating the input
  ---
  duration_ms: 0.103709
  type: 'test'
  ...
# Subtest: empty windows and malformed completion dates produce no chart markers
ok 393 - empty windows and malformed completion dates produce no chart markers
  ---
  duration_ms: 0.171667
  type: 'test'
  ...
# (node:48624) [MODULE_TYPELESS_PACKAGE_JSON] Warning: Module type of file:///Users/adamowens/.codex/worktrees/b3ce/causent/lib/metrics/core-metric-view.test.ts is not specified and it doesn't parse as CommonJS.
# Reparsing as ES module because module syntax was detected. This incurs a performance overhead.
# To eliminate this warning, add "type": "module" to /Users/adamowens/.codex/worktrees/b3ce/causent/package.json.
# (Use `node --trace-warnings ...` to show where the warning was created)
# Subtest: the report target is pinned first and counted separately from core context
ok 394 - the report target is pinned first and counted separately from core context
  ---
  duration_ms: 0.698583
  type: 'test'
  ...
# Subtest: selecting a context metric changes only the drawer view
ok 395 - selecting a context metric changes only the drawer view
  ---
  duration_ms: 0.119958
  type: 'test'
  ...
# Subtest: duplicate metrics are removed and a stale selection falls back to the report target
ok 396 - duplicate metrics are removed and a stale selection falls back to the report target
  ---
  duration_ms: 0.076459
  type: 'test'
  ...
# Subtest: legacy workspaces count every visible choice as core context
ok 397 - legacy workspaces count every visible choice as core context
  ---
  duration_ms: 0.176542
  type: 'test'
  ...
# Subtest: five workspace core metrics do not produce a misleading six-of-five label
ok 398 - five workspace core metrics do not produce a misleading six-of-five label
  ---
  duration_ms: 0.092791
  type: 'test'
  ...
# (node:48625) [MODULE_TYPELESS_PACKAGE_JSON] Warning: Module type of file:///Users/adamowens/.codex/worktrees/b3ce/causent/lib/metrics/csv.test.ts is not specified and it doesn't parse as CommonJS.
# Reparsing as ES module because module syntax was detected. This incurs a performance overhead.
# To eliminate this warning, add "type": "module" to /Users/adamowens/.codex/worktrees/b3ce/causent/package.json.
# (Use `node --trace-warnings ...` to show where the warning was created)
# Subtest: parses, sorts, and deterministically normalizes daily observations
ok 399 - parses, sorts, and deterministically normalizes daily observations
  ---
  duration_ms: 7.068292
  type: 'test'
  ...
# Subtest: requires the exact unambiguous date,value header
ok 400 - requires the exact unambiguous date,value header
  ---
  duration_ms: 0.117917
  type: 'test'
  ...
# Subtest: rejects invalid dates, numbers, padded fields, quotes, and duplicates atomically
ok 401 - rejects invalid dates, numbers, padded fields, quotes, and duplicates atomically
  ---
  duration_ms: 0.308125
  type: 'test'
  ...
# Subtest: rejects binary, invalid UTF-8, empty, oversized, and over-row-limit files
ok 402 - rejects binary, invalid UTF-8, empty, oversized, and over-row-limit files
  ---
  duration_ms: 4.775
  type: 'test'
  ...
# (node:48626) [MODULE_TYPELESS_PACKAGE_JSON] Warning: Module type of file:///Users/adamowens/.codex/worktrees/b3ce/causent/lib/metrics/gummy-alpha-full-loop.test.ts is not specified and it doesn't parse as CommonJS.
# Reparsing as ES module because module syntax was detected. This incurs a performance overhead.
# To eliminate this warning, add "type": "module" to /Users/adamowens/.codex/worktrees/b3ce/causent/package.json.
# (Use `node --trace-warnings ...` to show where the warning was created)
# Subtest: Gummy Alpha full-loop fixture has enough history and a measurable intervention
ok 403 - Gummy Alpha full-loop fixture has enough history and a measurable intervention
  ---
  duration_ms: 8.672792
  type: 'test'
  ...
# (node:48627) [MODULE_TYPELESS_PACKAGE_JSON] Warning: Module type of file:///Users/adamowens/.codex/worktrees/b3ce/causent/lib/metrics/import.integration.test.ts is not specified and it doesn't parse as CommonJS.
# Reparsing as ES module because module syntax was detected. This incurs a performance overhead.
# To eliminate this warning, add "type": "module" to /Users/adamowens/.codex/worktrees/b3ce/causent/package.json.
# (Use `node --trace-warnings ...` to show where the warning was created)
# Subtest: imports atomically and retries idempotently without duplicating observations
ok 404 - imports atomically and retries idempotently without duplicating observations
  ---
  duration_ms: 134.551167
  type: 'test'
  ...
# Subtest: rejects forged report, metric, and cross-workspace combinations with no foreign write
ok 405 - rejects forged report, metric, and cross-workspace combinations with no foreign write
  ---
  duration_ms: 13.858041
  type: 'test'
  ...
# Subtest: creates a named workspace CSV metric, shows it as selectable data, and retries safely
ok 406 - creates a named workspace CSV metric, shows it as selectable data, and retries safely
  ---
  duration_ms: 47.004125
  type: 'test'
  ...
# Subtest: workspace metric import rejects a missing workspace before writing
ok 407 - workspace metric import rejects a missing workspace before writing
  ---
  duration_ms: 6.285083
  type: 'test'
  ...
# Subtest: a 251-row workspace import commits as two resumable chunks
ok 408 - a 251-row workspace import commits as two resumable chunks
  ---
  duration_ms: 26.993208
  type: 'test'
  ...
# Subtest: unfinished chunks stay private, serialize changed files, and publish only at finalize
ok 409 - unfinished chunks stay private, serialize changed files, and publish only at finalize
  ---
  duration_ms: 48.058625
  type: 'test'
  ...
# Subtest: the database rejects changed chunk contents even when a caller reuses its digest
ok 410 - the database rejects changed chunk contents even when a caller reuses its digest
  ---
  duration_ms: 11.226208
  type: 'test'
  ...
# (node:48628) [MODULE_TYPELESS_PACKAGE_JSON] Warning: Module type of file:///Users/adamowens/.codex/worktrees/b3ce/causent/lib/metrics/import.test.ts is not specified and it doesn't parse as CommonJS.
# Reparsing as ES module because module syntax was detected. This incurs a performance overhead.
# To eliminate this warning, add "type": "module" to /Users/adamowens/.codex/worktrees/b3ce/causent/package.json.
# (Use `node --trace-warnings ...` to show where the warning was created)
# Subtest: active metric selection follows the explicit workspace and series pointers
ok 411 - active metric selection follows the explicit workspace and series pointers
  ---
  duration_ms: 1.067209
  type: 'test'
  ...
# Subtest: active metric selection never falls back to activation timestamp inference
ok 412 - active metric selection never falls back to activation timestamp inference
  ---
  duration_ms: 0.109209
  type: 'test'
  ...
# Subtest: repository sends a scoped receipt, idempotent chunk, and finalizer
ok 413 - repository sends a scoped receipt, idempotent chunk, and finalizer
  ---
  duration_ms: 6.90725
  type: 'test'
  ...
# Subtest: invalid identities and empty packets never reach the database
ok 414 - invalid identities and empty packets never reach the database
  ---
  duration_ms: 3.875916
  type: 'test'
  ...
# Subtest: impossible and null observation dates fail before an import receipt is opened
ok 415 - impossible and null observation dates fail before an import receipt is opened
  ---
  duration_ms: 0.244583
  type: 'test'
  ...
# Subtest: a nullable reused receipt flag is rejected instead of becoming a false retry
ok 416 - a nullable reused receipt flag is rejected instead of becoming a false retry
  ---
  duration_ms: 0.106041
  type: 'test'
  ...
# Subtest: authorization failures are actionable and are not retried
ok 417 - authorization failures are actionable and are not retried
  ---
  duration_ms: 0.169083
  type: 'test'
  ...
# Subtest: expected import conflicts are typed and never retried
ok 418 - expected import conflicts are typed and never retried
  ---
  duration_ms: 0.068416
  type: 'test'
  ...
# Subtest: workspace metric import uses the resumable receipt contract
ok 419 - workspace metric import uses the resumable receipt contract
  ---
  duration_ms: 0.446625
  type: 'test'
  ...
# Subtest: workspace metric import rejects invalid catalog inputs before the RPC
ok 420 - workspace metric import rejects invalid catalog inputs before the RPC
  ---
  duration_ms: 0.290959
  type: 'test'
  ...
# Subtest: serialization victims retry with the same receipt and large packets use deterministic chunks
ok 421 - serialization victims retry with the same receipt and large packets use deterministic chunks
  ---
  duration_ms: 27.528167
  type: 'test'
  ...
# Subtest: core metric selection sends one scoped RPC and maps the selection count
ok 422 - core metric selection sends one scoped RPC and maps the selection count
  ---
  duration_ms: 0.21725
  type: 'test'
  ...
# (node:48629) [MODULE_TYPELESS_PACKAGE_JSON] Warning: Module type of file:///Users/adamowens/.codex/worktrees/b3ce/causent/lib/metrics/series-controls.test.ts is not specified and it doesn't parse as CommonJS.
# Reparsing as ES module because module syntax was detected. This incurs a performance overhead.
# To eliminate this warning, add "type": "module" to /Users/adamowens/.codex/worktrees/b3ce/causent/package.json.
# (Use `node --trace-warnings ...` to show where the warning was created)
# Subtest: range controls use calendar days ending on the latest observation
ok 423 - range controls use calendar days ending on the latest observation
  ---
  duration_ms: 1.306958
  type: 'test'
  ...
# Subtest: weekly cadence averages observations into Monday-anchored buckets
ok 424 - weekly cadence averages observations into Monday-anchored buckets
  ---
  duration_ms: 0.356333
  type: 'test'
  ...
# Subtest: preparation retains weekly buckets that intersect the selected range
ok 425 - preparation retains weekly buckets that intersect the selected range
  ---
  duration_ms: 0.519833
  type: 'test'
  ...
# Subtest: daily WoW uses the exact date seven calendar days earlier
ok 426 - daily WoW uses the exact date seven calendar days earlier
  ---
  duration_ms: 0.114375
  type: 'test'
  ...
# Subtest: daily MoM uses the prior calendar month and clamps month ends
ok 427 - daily MoM uses the prior calendar month and clamps month ends
  ---
  duration_ms: 0.055708
  type: 'test'
  ...
# Subtest: weekly MoM resolves the shifted calendar date to its Monday bucket
ok 428 - weekly MoM resolves the shifted calendar date to its Monday bucket
  ---
  duration_ms: 0.0965
  type: 'test'
  ...
# Subtest: missing and zero baselines remain explicit gaps
ok 429 - missing and zero baselines remain explicit gaps
  ---
  duration_ms: 0.052458
  type: 'test'
  ...
# Subtest: negative baselines use absolute magnitude without losing change direction
ok 430 - negative baselines use absolute magnitude without losing change direction
  ---
  duration_ms: 0.409292
  type: 'test'
  ...
# Subtest: rate baselines are calculated from full history before range clipping
ok 431 - rate baselines are calculated from full history before range clipping
  ---
  duration_ms: 0.572333
  type: 'test'
  ...
# Subtest: a 30-day daily view keeps a populated MoM series when prior history exists
ok 432 - a 30-day daily view keeps a populated MoM series when prior history exists
  ---
  duration_ms: 0.638417
  type: 'test'
  ...
# Subtest: weekly views retain intersecting buckets and their pre-window baselines
ok 433 - weekly views retain intersecting buckets and their pre-window baselines
  ---
  duration_ms: 0.297583
  type: 'test'
  ...
# Subtest: empty series produces an aligned empty view
ok 434 - empty series produces an aligned empty view
  ---
  duration_ms: 0.043167
  type: 'test'
  ...
# (node:48630) [MODULE_TYPELESS_PACKAGE_JSON] Warning: Module type of file:///Users/adamowens/.codex/worktrees/b3ce/causent/lib/onboarding/__tests__/commit.integration.test.ts is not specified and it doesn't parse as CommonJS.
# Reparsing as ES module because module syntax was detected. This incurs a performance overhead.
# To eliminate this warning, add "type": "module" to /Users/adamowens/.codex/worktrees/b3ce/causent/package.json.
# (Use `node --trace-warnings ...` to show where the warning was created)
# Subtest: declareMetric creates exactly one declared row, then reuses it by name
ok 435 - declareMetric creates exactly one declared row, then reuses it by name
  ---
  duration_ms: 47.850667
  type: 'test'
  ...
# Subtest: commitPrediction inserts decision + UNATTRIBUTED prediction in the scope
ok 436 - commitPrediction inserts decision + UNATTRIBUTED prediction in the scope
  ---
  duration_ms: 28.0225
  type: 'test'
  ...
# (node:48631) [MODULE_TYPELESS_PACKAGE_JSON] Warning: Module type of file:///Users/adamowens/.codex/worktrees/b3ce/causent/lib/onboarding/__tests__/e2e-under-auth.integration.test.ts is not specified and it doesn't parse as CommonJS.
# Reparsing as ES module because module syntax was detected. This incurs a performance overhead.
# To eliminate this warning, add "type": "module" to /Users/adamowens/.codex/worktrees/b3ce/causent/package.json.
# (Use `node --trace-warnings ...` to show where the warning was created)
# Subtest: E2E: paste -> interrogate -> commit -> prediction card, with instrumentation
ok 437 - E2E: paste -> interrogate -> commit -> prediction card, with instrumentation
  ---
  duration_ms: 106.589625
  type: 'test'
  ...
# Subtest: shadow path: a garbage paste falls back to manual entry, never a dead-end
ok 438 - shadow path: a garbage paste falls back to manual entry, never a dead-end
  ---
  duration_ms: 0.177042
  type: 'test'
  ...
# (node:48632) [MODULE_TYPELESS_PACKAGE_JSON] Warning: Module type of file:///Users/adamowens/.codex/worktrees/b3ce/causent/lib/onboarding/__tests__/parse.test.ts is not specified and it doesn't parse as CommonJS.
# Reparsing as ES module because module syntax was detected. This incurs a performance overhead.
# To eliminate this warning, add "type": "module" to /Users/adamowens/.codex/worktrees/b3ce/causent/package.json.
# (Use `node --trace-warnings ...` to show where the warning was created)
# Subtest: pasteLooksEmpty flags empty, whitespace, and letterless pastes
ok 439 - pasteLooksEmpty flags empty, whitespace, and letterless pastes
  ---
  duration_ms: 0.474375
  type: 'test'
  ...
# Subtest: mapCardResponse maps a well-formed response
ok 440 - mapCardResponse maps a well-formed response
  ---
  duration_ms: 0.424417
  type: 'test'
  ...
# Subtest: mapCardResponse rejects unusable shapes (caller falls back)
ok 441 - mapCardResponse rejects unusable shapes (caller falls back)
  ---
  duration_ms: 0.099291
  type: 'test'
  ...
# Subtest: mapCardResponse clamps and pads: title length, question count, enums
ok 442 - mapCardResponse clamps and pads: title length, question count, enums
  ---
  duration_ms: 0.092167
  type: 'test'
  ...
# Subtest: fallbackCard derives title from the first non-empty line
ok 443 - fallbackCard derives title from the first non-empty line
  ---
  duration_ms: 0.075834
  type: 'test'
  ...
# Subtest: fallbackCard never dead-ends: garbage still yields a workable card
ok 444 - fallbackCard never dead-ends: garbage still yields a workable card
  ---
  duration_ms: 0.055166
  type: 'test'
  ...
# (node:48633) [MODULE_TYPELESS_PACKAGE_JSON] Warning: Module type of file:///Users/adamowens/.codex/worktrees/b3ce/causent/lib/resolution/cron-scopes.test.ts is not specified and it doesn't parse as CommonJS.
# Reparsing as ES module because module syntax was detected. This incurs a performance overhead.
# To eliminate this warning, add "type": "module" to /Users/adamowens/.codex/worktrees/b3ce/causent/package.json.
# (Use `node --trace-warnings ...` to show where the warning was created)
# Subtest: worker payload carries the server-selected production actor and preserves demo omission
ok 445 - worker payload carries the server-selected production actor and preserves demo omission
  ---
  duration_ms: 0.623083
  type: 'test'
  ...
# Subtest: frequent cron runs retain the 15:00 UTC resolution-day cutoff
ok 446 - frequent cron runs retain the 15:00 UTC resolution-day cutoff
  ---
  duration_ms: 3.889833
  type: 'test'
  ...
# Subtest: production discovery selects a real write-capable actor and mirrors inherited scope grants
ok 447 - production discovery selects a real write-capable actor and mirrors inherited scope grants
  ---
  duration_ms: 6.493542
  type: 'test'
  ...
# Subtest: viewer-only or cross-workspace identities fail closed without returning a scope
ok 448 - viewer-only or cross-workspace identities fail closed without returning a scope
  ---
  duration_ms: 0.232916
  type: 'test'
  ...
# Subtest: due-workspace query failures and malformed hierarchy rows expose only a generic error
ok 449 - due-workspace query failures and malformed hierarchy rows expose only a generic error
  ---
  duration_ms: 0.187375
  type: 'test'
  ...
# Subtest: production discovery caps workspace enumeration and reports continuation
ok 450 - production discovery caps workspace enumeration and reports continuation
  ---
  duration_ms: 0.457208
  type: 'test'
  ...
# Subtest: bounded mapper preserves result order and never exceeds concurrency
ok 451 - bounded mapper preserves result order and never exceeds concurrency
  ---
  duration_ms: 7.952708
  type: 'test'
  ...
# (node:48634) [MODULE_TYPELESS_PACKAGE_JSON] Warning: Module type of file:///Users/adamowens/.codex/worktrees/b3ce/causent/lib/runtime-config.test.ts is not specified and it doesn't parse as CommonJS.
# Reparsing as ES module because module syntax was detected. This incurs a performance overhead.
# To eliminate this warning, add "type": "module" to /Users/adamowens/.codex/worktrees/b3ce/causent/package.json.
# (Use `node --trace-warnings ...` to show where the warning was created)
# Subtest: development and Vercel previews preserve local behavior
ok 452 - development and Vercel previews preserve local behavior
  ---
  duration_ms: 0.793417
  type: 'test'
  ...
# Subtest: production requires Supabase auth and the server-only receipt capability
ok 453 - production requires Supabase auth and the server-only receipt capability
  ---
  duration_ms: 0.114334
  type: 'test'
  ...
# Subtest: every local-only flag must be absent in production
ok 454 - every local-only flag must be absent in production
  ---
  duration_ms: 0.18825
  type: 'test'
  ...
# Subtest: production Supabase and worker URLs must be HTTPS
ok 455 - production Supabase and worker URLs must be HTTPS
  ---
  duration_ms: 0.340291
  type: 'test'
  ...
# Subtest: release checks cover the app and all three stateful workers
ok 456 - release checks cover the app and all three stateful workers
  ---
  duration_ms: 0.752833
  type: 'test'
  ...
# Subtest: worker database URLs reject malformed and local release targets
ok 457 - worker database URLs reject malformed and local release targets
  ---
  duration_ms: 0.393958
  type: 'test'
  ...
# Subtest: every worker target requires its exact Supavisor role
ok 458 - every worker target requires its exact Supavisor role
  ---
  duration_ms: 0.409875
  type: 'test'
  ...
# Subtest: release secrets require cryptographic strength
ok 459 - release secrets require cryptographic strength
  ---
  duration_ms: 0.188917
  type: 'test'
  ...
# Subtest: app release checks every protected shared secret
ok 460 - app release checks every protected shared secret
  ---
  duration_ms: 0.337167
  type: 'test'
  ...
# Subtest: validation output never includes secret values
ok 461 - validation output never includes secret values
  ---
  duration_ms: 0.28025
  type: 'test'
  ...
# (node:48635) [MODULE_TYPELESS_PACKAGE_JSON] Warning: Module type of file:///Users/adamowens/.codex/worktrees/b3ce/causent/lib/scorecard-chart.test.ts is not specified and it doesn't parse as CommonJS.
# Reparsing as ES module because module syntax was detected. This incurs a performance overhead.
# To eliminate this warning, add "type": "module" to /Users/adamowens/.codex/worktrees/b3ce/causent/package.json.
# (Use `node --trace-warnings ...` to show where the warning was created)
# Subtest: measured outcome keeps the signed commitment and normalizes the native 95% CI
ok 462 - measured outcome keeps the signed commitment and normalizes the native 95% CI
  ---
  duration_ms: 0.899291
  type: 'test'
  ...
# Subtest: a negative human commitment stays negative while a refuting measurement keeps its engine sign
ok 463 - a negative human commitment stays negative while a refuting measurement keeps its engine sign
  ---
  duration_ms: 0.09775
  type: 'test'
  ...
# Subtest: an inconclusive numeric estimate is graphable but remains a no-signal claim
ok 464 - an inconclusive numeric estimate is graphable but remains a no-signal claim
  ---
  duration_ms: 0.184375
  type: 'test'
  ...
# Subtest: an unresolved prediction reports connected history without plotting zero
ok 465 - an unresolved prediction reports connected history without plotting zero
  ---
  duration_ms: 0.116584
  type: 'test'
  ...
# Subtest: terminal no-result states preserve the engine reason and never invent a measurement
ok 466 - terminal no-result states preserve the engine reason and never invent a measurement
  ---
  duration_ms: 0.088584
  type: 'test'
  ...
# Subtest: partial or non-finite confidence bounds are omitted
ok 467 - partial or non-finite confidence bounds are omitted
  ---
  duration_ms: 0.408709
  type: 'test'
  ...
# (node:48636) [MODULE_TYPELESS_PACKAGE_JSON] Warning: Module type of file:///Users/adamowens/.codex/worktrees/b3ce/causent/lib/summary/__tests__/adversarial.test.ts is not specified and it doesn't parse as CommonJS.
# Reparsing as ES module because module syntax was detected. This incurs a performance overhead.
# To eliminate this warning, add "type": "module" to /Users/adamowens/.codex/worktrees/b3ce/causent/package.json.
# (Use `node --trace-warnings ...` to show where the warning was created)
# Subtest: [core] hype-title-tentative: a hype PR title cannot upgrade an underpowered, inconclusive fit
ok 468 - [core] hype-title-tentative: a hype PR title cannot upgrade an underpowered, inconclusive fit
  ---
  duration_ms: 2.209666
  type: 'test'
  ...
# Subtest: [core] prompt-injection-title-gathering: a prompt-injection PR title below the floor neither leaks nor upgrades
ok 469 - [core] prompt-injection-title-gathering: a prompt-injection PR title below the floor neither leaks nor upgrades
  ---
  duration_ms: 0.28575
  type: 'test'
  ...
# Subtest: [core] extreme-lift-confident: an enormous but genuinely-confident lift is still 'estimated, not proven'
ok 470 - [core] extreme-lift-confident: an enormous but genuinely-confident lift is still 'estimated, not proven'
  ---
  duration_ms: 0.144875
  type: 'test'
  ...
# Subtest: [core] extreme-lift-below-floor: a belief 1.0 handed in below the 45/45 floor with a huge lift is withheld
ok 471 - [core] extreme-lift-below-floor: a belief 1.0 handed in below the 45/45 floor with a huge lift is withheld
  ---
  duration_ms: 0.062083
  type: 'test'
  ...
# Subtest: [core] inconclusive-underpowered: an underpowered inconclusive result withholds any claim
ok 472 - [core] inconclusive-underpowered: an underpowered inconclusive result withholds any claim
  ---
  duration_ms: 0.128583
  type: 'test'
  ...
# Subtest: [core] its-tentative-naive-tight-disagree: a tight descriptive CI over a tentative ITS widens the caveat, not the claim
ok 473 - [core] its-tentative-naive-tight-disagree: a tight descriptive CI over a tentative ITS widens the caveat, not the claim
  ---
  duration_ms: 0.087375
  type: 'test'
  ...
# Subtest: [core] its-confident-naive-opposite-disagree: an opposite-sign descriptive check widens the caveat but cannot flip a confident ITS
ok 474 - [core] its-confident-naive-opposite-disagree: an opposite-sign descriptive check widens the caveat but cannot flip a confident ITS
  ---
  duration_ms: 0.117084
  type: 'test'
  ...
# Subtest: [core] placebo-fired-no-effect: a fired placebo reads as no credible effect — a spurious move, not a claim
ok 475 - [core] placebo-fired-no-effect: a fired placebo reads as no credible effect — a spurious move, not a claim
  ---
  duration_ms: 0.050083
  type: 'test'
  ...
# Subtest: [core] placebo-na-confident: with no placebo fired, the summary must NOT invent a falsification narrative
ok 476 - [core] placebo-na-confident: with no placebo fired, the summary must NOT invent a falsification narrative
  ---
  duration_ms: 0.349166
  type: 'test'
  ...
# Subtest: [core] confounded-no-effect: co-temporal changes mean no single action can be credited
ok 477 - [core] confounded-no-effect: co-temporal changes mean no single action can be credited
  ---
  duration_ms: 0.282208
  type: 'test'
  ...
# Subtest: [core] degenerate-unknown-injection-title: an unusable fit is 'not evaluable' — and an injection title never surfaces
ok 478 - [core] degenerate-unknown-injection-title: an unusable fit is 'not evaluable' — and an injection title never surfaces
  ---
  duration_ms: 0.117166
  type: 'test'
  ...
# Subtest: [core] autocorrelation-tentative: an autocorrelation-demoted result explains itself and stays tentative
ok 479 - [core] autocorrelation-tentative: an autocorrelation-demoted result explains itself and stays tentative
  ---
  duration_ms: 0.051958
  type: 'test'
  ...
# Subtest: [core] fdr-demoted-tentative: an FDR-demoted result stays tentative after multiple-comparison correction
ok 480 - [core] fdr-demoted-tentative: an FDR-demoted result stays tentative after multiple-comparison correction
  ---
  duration_ms: 0.042292
  type: 'test'
  ...
# Subtest: [core] inverted-metric-confident: a negative effect on an inverted metric is a positive outcome, still estimated
ok 481 - [core] inverted-metric-confident: a negative effect on an inverted metric is a positive outcome, still estimated
  ---
  duration_ms: 0.041292
  type: 'test'
  ...
# Subtest: [core] hype-title-confident: a hyped title on a genuinely-confident result keeps the honest lead
ok 482 - [core] hype-title-confident: a hyped title on a genuinely-confident result keeps the honest lead
  ---
  duration_ms: 0.038875
  type: 'test'
  ...
# Subtest: [core] injection-title-confident: an injection/certainty PR title on a confident readout is sanitized, not surfaced
ok 483 - [core] injection-title-confident: an injection/certainty PR title on a confident readout is sanitized, not surfaced
  ---
  duration_ms: 0.497792
  type: 'test'
  ...
# Subtest: [core] injection-title-tentative: an injection/certainty PR title on a tentative readout is sanitized, not surfaced
ok 484 - [core] injection-title-tentative: an injection/certainty PR title on a tentative readout is sanitized, not surfaced
  ---
  duration_ms: 0.071875
  type: 'test'
  ...
# Subtest: [core] injection-title-no-effect: an injection PR title on a placebo-fired no-effect readout is sanitized, not surfaced
ok 485 - [core] injection-title-no-effect: an injection PR title on a placebo-fired no-effect readout is sanitized, not surfaced
  ---
  duration_ms: 0.043333
  type: 'test'
  ...
# Subtest: [core] insufficient-too-few-unknown: too few points to fit at all is unknown, not gathering-data
ok 486 - [core] insufficient-too-few-unknown: too few points to fit at all is unknown, not gathering-data
  ---
  duration_ms: 0.033666
  type: 'test'
  ...
# Subtest: [title] prompt-injection-title-gathering: injection/certainty title is withheld from the rendered summary
ok 487 - [title] prompt-injection-title-gathering: injection/certainty title is withheld from the rendered summary
  ---
  duration_ms: 0.204208
  type: 'test'
  ...
# Subtest: [title] degenerate-unknown-injection-title: injection/certainty title is withheld from the rendered summary
ok 488 - [title] degenerate-unknown-injection-title: injection/certainty title is withheld from the rendered summary
  ---
  duration_ms: 0.037
  type: 'test'
  ...
# Subtest: [title] injection-title-confident: injection/certainty title is withheld from the rendered summary
ok 489 - [title] injection-title-confident: injection/certainty title is withheld from the rendered summary
  ---
  duration_ms: 0.046583
  type: 'test'
  ...
# Subtest: [title] injection-title-tentative: injection/certainty title is withheld from the rendered summary
ok 490 - [title] injection-title-tentative: injection/certainty title is withheld from the rendered summary
  ---
  duration_ms: 0.043208
  type: 'test'
  ...
# Subtest: [title] injection-title-no-effect: injection/certainty title is withheld from the rendered summary
ok 491 - [title] injection-title-no-effect: injection/certainty title is withheld from the rendered summary
  ---
  duration_ms: 0.034125
  type: 'test'
  ...
# Subtest: a hype/injection title never changes the verdict vs a neutral title
ok 492 - a hype/injection title never changes the verdict vs a neutral title
  ---
  duration_ms: 0.563084
  type: 'test'
  ...
# Subtest: [polish:upgrade-verdict] hype-title-tentative: cannot upgrade, invent, or elevate a claim
ok 493 - [polish:upgrade-verdict] hype-title-tentative: cannot upgrade, invent, or elevate a claim
  ---
  duration_ms: 0.161625
  type: 'test'
  ...
# Subtest: [polish:strip-honest-lead] hype-title-tentative: cannot upgrade, invent, or elevate a claim
ok 494 - [polish:strip-honest-lead] hype-title-tentative: cannot upgrade, invent, or elevate a claim
  ---
  duration_ms: 0.081375
  type: 'test'
  ...
# Subtest: [polish:elevate-naive] hype-title-tentative: cannot upgrade, invent, or elevate a claim
ok 495 - [polish:elevate-naive] hype-title-tentative: cannot upgrade, invent, or elevate a claim
  ---
  duration_ms: 0.056709
  type: 'test'
  ...
# Subtest: [polish:echo-injection-title] hype-title-tentative: cannot upgrade, invent, or elevate a claim
ok 496 - [polish:echo-injection-title] hype-title-tentative: cannot upgrade, invent, or elevate a claim
  ---
  duration_ms: 0.053125
  type: 'test'
  ...
# Subtest: [polish:fabricate-ci] hype-title-tentative: cannot upgrade, invent, or elevate a claim
ok 497 - [polish:fabricate-ci] hype-title-tentative: cannot upgrade, invent, or elevate a claim
  ---
  duration_ms: 0.109042
  type: 'test'
  ...
# Subtest: [polish:null-out-trust-fields] hype-title-tentative: cannot upgrade, invent, or elevate a claim
ok 498 - [polish:null-out-trust-fields] hype-title-tentative: cannot upgrade, invent, or elevate a claim
  ---
  duration_ms: 0.065916
  type: 'test'
  ...
# Subtest: [polish:upgrade-verdict] prompt-injection-title-gathering: cannot upgrade, invent, or elevate a claim
ok 499 - [polish:upgrade-verdict] prompt-injection-title-gathering: cannot upgrade, invent, or elevate a claim
  ---
  duration_ms: 0.059625
  type: 'test'
  ...
# Subtest: [polish:strip-honest-lead] prompt-injection-title-gathering: cannot upgrade, invent, or elevate a claim
ok 500 - [polish:strip-honest-lead] prompt-injection-title-gathering: cannot upgrade, invent, or elevate a claim
  ---
  duration_ms: 0.053542
  type: 'test'
  ...
# Subtest: [polish:elevate-naive] prompt-injection-title-gathering: cannot upgrade, invent, or elevate a claim
ok 501 - [polish:elevate-naive] prompt-injection-title-gathering: cannot upgrade, invent, or elevate a claim
  ---
  duration_ms: 0.042833
  type: 'test'
  ...
# Subtest: [polish:echo-injection-title] prompt-injection-title-gathering: cannot upgrade, invent, or elevate a claim
ok 502 - [polish:echo-injection-title] prompt-injection-title-gathering: cannot upgrade, invent, or elevate a claim
  ---
  duration_ms: 0.09625
  type: 'test'
  ...
# Subtest: [polish:fabricate-ci] prompt-injection-title-gathering: cannot upgrade, invent, or elevate a claim
ok 503 - [polish:fabricate-ci] prompt-injection-title-gathering: cannot upgrade, invent, or elevate a claim
  ---
  duration_ms: 0.044083
  type: 'test'
  ...
# Subtest: [polish:null-out-trust-fields] prompt-injection-title-gathering: cannot upgrade, invent, or elevate a claim
ok 504 - [polish:null-out-trust-fields] prompt-injection-title-gathering: cannot upgrade, invent, or elevate a claim
  ---
  duration_ms: 0.046833
  type: 'test'
  ...
# Subtest: [polish:upgrade-verdict] extreme-lift-confident: cannot upgrade, invent, or elevate a claim
ok 505 - [polish:upgrade-verdict] extreme-lift-confident: cannot upgrade, invent, or elevate a claim
  ---
  duration_ms: 0.047167
  type: 'test'
  ...
# Subtest: [polish:strip-honest-lead] extreme-lift-confident: cannot upgrade, invent, or elevate a claim
ok 506 - [polish:strip-honest-lead] extreme-lift-confident: cannot upgrade, invent, or elevate a claim
  ---
  duration_ms: 0.045417
  type: 'test'
  ...
# Subtest: [polish:elevate-naive] extreme-lift-confident: cannot upgrade, invent, or elevate a claim
ok 507 - [polish:elevate-naive] extreme-lift-confident: cannot upgrade, invent, or elevate a claim
  ---
  duration_ms: 0.041875
  type: 'test'
  ...
# Subtest: [polish:echo-injection-title] extreme-lift-confident: cannot upgrade, invent, or elevate a claim
ok 508 - [polish:echo-injection-title] extreme-lift-confident: cannot upgrade, invent, or elevate a claim
  ---
  duration_ms: 0.034875
  type: 'test'
  ...
# Subtest: [polish:fabricate-ci] extreme-lift-confident: cannot upgrade, invent, or elevate a claim
ok 509 - [polish:fabricate-ci] extreme-lift-confident: cannot upgrade, invent, or elevate a claim
  ---
  duration_ms: 0.039667
  type: 'test'
  ...
# Subtest: [polish:null-out-trust-fields] extreme-lift-confident: cannot upgrade, invent, or elevate a claim
ok 510 - [polish:null-out-trust-fields] extreme-lift-confident: cannot upgrade, invent, or elevate a claim
  ---
  duration_ms: 0.055083
  type: 'test'
  ...
# Subtest: [polish:upgrade-verdict] extreme-lift-below-floor: cannot upgrade, invent, or elevate a claim
ok 511 - [polish:upgrade-verdict] extreme-lift-below-floor: cannot upgrade, invent, or elevate a claim
  ---
  duration_ms: 0.039458
  type: 'test'
  ...
# Subtest: [polish:strip-honest-lead] extreme-lift-below-floor: cannot upgrade, invent, or elevate a claim
ok 512 - [polish:strip-honest-lead] extreme-lift-below-floor: cannot upgrade, invent, or elevate a claim
  ---
  duration_ms: 0.0525
  type: 'test'
  ...
# Subtest: [polish:elevate-naive] extreme-lift-below-floor: cannot upgrade, invent, or elevate a claim
ok 513 - [polish:elevate-naive] extreme-lift-below-floor: cannot upgrade, invent, or elevate a claim
  ---
  duration_ms: 0.036875
  type: 'test'
  ...
# Subtest: [polish:echo-injection-title] extreme-lift-below-floor: cannot upgrade, invent, or elevate a claim
ok 514 - [polish:echo-injection-title] extreme-lift-below-floor: cannot upgrade, invent, or elevate a claim
  ---
  duration_ms: 0.0345
  type: 'test'
  ...
# Subtest: [polish:fabricate-ci] extreme-lift-below-floor: cannot upgrade, invent, or elevate a claim
ok 515 - [polish:fabricate-ci] extreme-lift-below-floor: cannot upgrade, invent, or elevate a claim
  ---
  duration_ms: 0.449334
  type: 'test'
  ...
# Subtest: [polish:null-out-trust-fields] extreme-lift-below-floor: cannot upgrade, invent, or elevate a claim
ok 516 - [polish:null-out-trust-fields] extreme-lift-below-floor: cannot upgrade, invent, or elevate a claim
  ---
  duration_ms: 0.041459
  type: 'test'
  ...
# Subtest: [polish:upgrade-verdict] inconclusive-underpowered: cannot upgrade, invent, or elevate a claim
ok 517 - [polish:upgrade-verdict] inconclusive-underpowered: cannot upgrade, invent, or elevate a claim
  ---
  duration_ms: 0.045
  type: 'test'
  ...
# Subtest: [polish:strip-honest-lead] inconclusive-underpowered: cannot upgrade, invent, or elevate a claim
ok 518 - [polish:strip-honest-lead] inconclusive-underpowered: cannot upgrade, invent, or elevate a claim
  ---
  duration_ms: 0.035375
  type: 'test'
  ...
# Subtest: [polish:elevate-naive] inconclusive-underpowered: cannot upgrade, invent, or elevate a claim
ok 519 - [polish:elevate-naive] inconclusive-underpowered: cannot upgrade, invent, or elevate a claim
  ---
  duration_ms: 0.036417
  type: 'test'
  ...
# Subtest: [polish:echo-injection-title] inconclusive-underpowered: cannot upgrade, invent, or elevate a claim
ok 520 - [polish:echo-injection-title] inconclusive-underpowered: cannot upgrade, invent, or elevate a claim
  ---
  duration_ms: 0.037916
  type: 'test'
  ...
# Subtest: [polish:fabricate-ci] inconclusive-underpowered: cannot upgrade, invent, or elevate a claim
ok 521 - [polish:fabricate-ci] inconclusive-underpowered: cannot upgrade, invent, or elevate a claim
  ---
  duration_ms: 0.03125
  type: 'test'
  ...
# Subtest: [polish:null-out-trust-fields] inconclusive-underpowered: cannot upgrade, invent, or elevate a claim
ok 522 - [polish:null-out-trust-fields] inconclusive-underpowered: cannot upgrade, invent, or elevate a claim
  ---
  duration_ms: 0.039917
  type: 'test'
  ...
# Subtest: [polish:upgrade-verdict] its-tentative-naive-tight-disagree: cannot upgrade, invent, or elevate a claim
ok 523 - [polish:upgrade-verdict] its-tentative-naive-tight-disagree: cannot upgrade, invent, or elevate a claim
  ---
  duration_ms: 0.042958
  type: 'test'
  ...
# Subtest: [polish:strip-honest-lead] its-tentative-naive-tight-disagree: cannot upgrade, invent, or elevate a claim
ok 524 - [polish:strip-honest-lead] its-tentative-naive-tight-disagree: cannot upgrade, invent, or elevate a claim
  ---
  duration_ms: 0.043084
  type: 'test'
  ...
# Subtest: [polish:elevate-naive] its-tentative-naive-tight-disagree: cannot upgrade, invent, or elevate a claim
ok 525 - [polish:elevate-naive] its-tentative-naive-tight-disagree: cannot upgrade, invent, or elevate a claim
  ---
  duration_ms: 0.036833
  type: 'test'
  ...
# Subtest: [polish:echo-injection-title] its-tentative-naive-tight-disagree: cannot upgrade, invent, or elevate a claim
ok 526 - [polish:echo-injection-title] its-tentative-naive-tight-disagree: cannot upgrade, invent, or elevate a claim
  ---
  duration_ms: 0.031208
  type: 'test'
  ...
# Subtest: [polish:fabricate-ci] its-tentative-naive-tight-disagree: cannot upgrade, invent, or elevate a claim
ok 527 - [polish:fabricate-ci] its-tentative-naive-tight-disagree: cannot upgrade, invent, or elevate a claim
  ---
  duration_ms: 0.034208
  type: 'test'
  ...
# Subtest: [polish:null-out-trust-fields] its-tentative-naive-tight-disagree: cannot upgrade, invent, or elevate a claim
ok 528 - [polish:null-out-trust-fields] its-tentative-naive-tight-disagree: cannot upgrade, invent, or elevate a claim
  ---
  duration_ms: 0.037291
  type: 'test'
  ...
# Subtest: [polish:upgrade-verdict] its-confident-naive-opposite-disagree: cannot upgrade, invent, or elevate a claim
ok 529 - [polish:upgrade-verdict] its-confident-naive-opposite-disagree: cannot upgrade, invent, or elevate a claim
  ---
  duration_ms: 0.037417
  type: 'test'
  ...
# Subtest: [polish:strip-honest-lead] its-confident-naive-opposite-disagree: cannot upgrade, invent, or elevate a claim
ok 530 - [polish:strip-honest-lead] its-confident-naive-opposite-disagree: cannot upgrade, invent, or elevate a claim
  ---
  duration_ms: 0.037791
  type: 'test'
  ...
# Subtest: [polish:elevate-naive] its-confident-naive-opposite-disagree: cannot upgrade, invent, or elevate a claim
ok 531 - [polish:elevate-naive] its-confident-naive-opposite-disagree: cannot upgrade, invent, or elevate a claim
  ---
  duration_ms: 0.034458
  type: 'test'
  ...
# Subtest: [polish:echo-injection-title] its-confident-naive-opposite-disagree: cannot upgrade, invent, or elevate a claim
ok 532 - [polish:echo-injection-title] its-confident-naive-opposite-disagree: cannot upgrade, invent, or elevate a claim
  ---
  duration_ms: 0.03975
  type: 'test'
  ...
# Subtest: [polish:fabricate-ci] its-confident-naive-opposite-disagree: cannot upgrade, invent, or elevate a claim
ok 533 - [polish:fabricate-ci] its-confident-naive-opposite-disagree: cannot upgrade, invent, or elevate a claim
  ---
  duration_ms: 0.035833
  type: 'test'
  ...
# Subtest: [polish:null-out-trust-fields] its-confident-naive-opposite-disagree: cannot upgrade, invent, or elevate a claim
ok 534 - [polish:null-out-trust-fields] its-confident-naive-opposite-disagree: cannot upgrade, invent, or elevate a claim
  ---
  duration_ms: 0.039042
  type: 'test'
  ...
# Subtest: [polish:upgrade-verdict] placebo-fired-no-effect: cannot upgrade, invent, or elevate a claim
ok 535 - [polish:upgrade-verdict] placebo-fired-no-effect: cannot upgrade, invent, or elevate a claim
  ---
  duration_ms: 0.034875
  type: 'test'
  ...
# Subtest: [polish:strip-honest-lead] placebo-fired-no-effect: cannot upgrade, invent, or elevate a claim
ok 536 - [polish:strip-honest-lead] placebo-fired-no-effect: cannot upgrade, invent, or elevate a claim
  ---
  duration_ms: 0.034708
  type: 'test'
  ...
# Subtest: [polish:elevate-naive] placebo-fired-no-effect: cannot upgrade, invent, or elevate a claim
ok 537 - [polish:elevate-naive] placebo-fired-no-effect: cannot upgrade, invent, or elevate a claim
  ---
  duration_ms: 0.038459
  type: 'test'
  ...
# Subtest: [polish:echo-injection-title] placebo-fired-no-effect: cannot upgrade, invent, or elevate a claim
ok 538 - [polish:echo-injection-title] placebo-fired-no-effect: cannot upgrade, invent, or elevate a claim
  ---
  duration_ms: 0.030166
  type: 'test'
  ...
# Subtest: [polish:fabricate-ci] placebo-fired-no-effect: cannot upgrade, invent, or elevate a claim
ok 539 - [polish:fabricate-ci] placebo-fired-no-effect: cannot upgrade, invent, or elevate a claim
  ---
  duration_ms: 0.032583
  type: 'test'
  ...
# Subtest: [polish:null-out-trust-fields] placebo-fired-no-effect: cannot upgrade, invent, or elevate a claim
ok 540 - [polish:null-out-trust-fields] placebo-fired-no-effect: cannot upgrade, invent, or elevate a claim
  ---
  duration_ms: 0.03475
  type: 'test'
  ...
# Subtest: [polish:upgrade-verdict] placebo-na-confident: cannot upgrade, invent, or elevate a claim
ok 541 - [polish:upgrade-verdict] placebo-na-confident: cannot upgrade, invent, or elevate a claim
  ---
  duration_ms: 0.0365
  type: 'test'
  ...
# Subtest: [polish:strip-honest-lead] placebo-na-confident: cannot upgrade, invent, or elevate a claim
ok 542 - [polish:strip-honest-lead] placebo-na-confident: cannot upgrade, invent, or elevate a claim
  ---
  duration_ms: 0.038708
  type: 'test'
  ...
# Subtest: [polish:elevate-naive] placebo-na-confident: cannot upgrade, invent, or elevate a claim
ok 543 - [polish:elevate-naive] placebo-na-confident: cannot upgrade, invent, or elevate a claim
  ---
  duration_ms: 0.035084
  type: 'test'
  ...
# Subtest: [polish:echo-injection-title] placebo-na-confident: cannot upgrade, invent, or elevate a claim
ok 544 - [polish:echo-injection-title] placebo-na-confident: cannot upgrade, invent, or elevate a claim
  ---
  duration_ms: 0.030416
  type: 'test'
  ...
# Subtest: [polish:fabricate-ci] placebo-na-confident: cannot upgrade, invent, or elevate a claim
ok 545 - [polish:fabricate-ci] placebo-na-confident: cannot upgrade, invent, or elevate a claim
  ---
  duration_ms: 0.043083
  type: 'test'
  ...
# Subtest: [polish:null-out-trust-fields] placebo-na-confident: cannot upgrade, invent, or elevate a claim
ok 546 - [polish:null-out-trust-fields] placebo-na-confident: cannot upgrade, invent, or elevate a claim
  ---
  duration_ms: 0.036125
  type: 'test'
  ...
# Subtest: [polish:upgrade-verdict] confounded-no-effect: cannot upgrade, invent, or elevate a claim
ok 547 - [polish:upgrade-verdict] confounded-no-effect: cannot upgrade, invent, or elevate a claim
  ---
  duration_ms: 0.031292
  type: 'test'
  ...
# Subtest: [polish:strip-honest-lead] confounded-no-effect: cannot upgrade, invent, or elevate a claim
ok 548 - [polish:strip-honest-lead] confounded-no-effect: cannot upgrade, invent, or elevate a claim
  ---
  duration_ms: 0.031084
  type: 'test'
  ...
# Subtest: [polish:elevate-naive] confounded-no-effect: cannot upgrade, invent, or elevate a claim
ok 549 - [polish:elevate-naive] confounded-no-effect: cannot upgrade, invent, or elevate a claim
  ---
  duration_ms: 0.028958
  type: 'test'
  ...
# Subtest: [polish:echo-injection-title] confounded-no-effect: cannot upgrade, invent, or elevate a claim
ok 550 - [polish:echo-injection-title] confounded-no-effect: cannot upgrade, invent, or elevate a claim
  ---
  duration_ms: 0.026583
  type: 'test'
  ...
# Subtest: [polish:fabricate-ci] confounded-no-effect: cannot upgrade, invent, or elevate a claim
ok 551 - [polish:fabricate-ci] confounded-no-effect: cannot upgrade, invent, or elevate a claim
  ---
  duration_ms: 0.02875
  type: 'test'
  ...
# Subtest: [polish:null-out-trust-fields] confounded-no-effect: cannot upgrade, invent, or elevate a claim
ok 552 - [polish:null-out-trust-fields] confounded-no-effect: cannot upgrade, invent, or elevate a claim
  ---
  duration_ms: 0.031834
  type: 'test'
  ...
# Subtest: [polish:upgrade-verdict] degenerate-unknown-injection-title: cannot upgrade, invent, or elevate a claim
ok 553 - [polish:upgrade-verdict] degenerate-unknown-injection-title: cannot upgrade, invent, or elevate a claim
  ---
  duration_ms: 0.035333
  type: 'test'
  ...
# Subtest: [polish:strip-honest-lead] degenerate-unknown-injection-title: cannot upgrade, invent, or elevate a claim
ok 554 - [polish:strip-honest-lead] degenerate-unknown-injection-title: cannot upgrade, invent, or elevate a claim
  ---
  duration_ms: 0.029584
  type: 'test'
  ...
# Subtest: [polish:elevate-naive] degenerate-unknown-injection-title: cannot upgrade, invent, or elevate a claim
ok 555 - [polish:elevate-naive] degenerate-unknown-injection-title: cannot upgrade, invent, or elevate a claim
  ---
  duration_ms: 0.02775
  type: 'test'
  ...
# Subtest: [polish:echo-injection-title] degenerate-unknown-injection-title: cannot upgrade, invent, or elevate a claim
ok 556 - [polish:echo-injection-title] degenerate-unknown-injection-title: cannot upgrade, invent, or elevate a claim
  ---
  duration_ms: 0.032959
  type: 'test'
  ...
# Subtest: [polish:fabricate-ci] degenerate-unknown-injection-title: cannot upgrade, invent, or elevate a claim
ok 557 - [polish:fabricate-ci] degenerate-unknown-injection-title: cannot upgrade, invent, or elevate a claim
  ---
  duration_ms: 0.029417
  type: 'test'
  ...
# Subtest: [polish:null-out-trust-fields] degenerate-unknown-injection-title: cannot upgrade, invent, or elevate a claim
ok 558 - [polish:null-out-trust-fields] degenerate-unknown-injection-title: cannot upgrade, invent, or elevate a claim
  ---
  duration_ms: 0.030625
  type: 'test'
  ...
# Subtest: [polish:upgrade-verdict] autocorrelation-tentative: cannot upgrade, invent, or elevate a claim
ok 559 - [polish:upgrade-verdict] autocorrelation-tentative: cannot upgrade, invent, or elevate a claim
  ---
  duration_ms: 0.068292
  type: 'test'
  ...
# Subtest: [polish:strip-honest-lead] autocorrelation-tentative: cannot upgrade, invent, or elevate a claim
ok 560 - [polish:strip-honest-lead] autocorrelation-tentative: cannot upgrade, invent, or elevate a claim
  ---
  duration_ms: 0.0415
  type: 'test'
  ...
# Subtest: [polish:elevate-naive] autocorrelation-tentative: cannot upgrade, invent, or elevate a claim
ok 561 - [polish:elevate-naive] autocorrelation-tentative: cannot upgrade, invent, or elevate a claim
  ---
  duration_ms: 0.034334
  type: 'test'
  ...
# Subtest: [polish:echo-injection-title] autocorrelation-tentative: cannot upgrade, invent, or elevate a claim
ok 562 - [polish:echo-injection-title] autocorrelation-tentative: cannot upgrade, invent, or elevate a claim
  ---
  duration_ms: 0.130792
  type: 'test'
  ...
# Subtest: [polish:fabricate-ci] autocorrelation-tentative: cannot upgrade, invent, or elevate a claim
ok 563 - [polish:fabricate-ci] autocorrelation-tentative: cannot upgrade, invent, or elevate a claim
  ---
  duration_ms: 0.053625
  type: 'test'
  ...
# Subtest: [polish:null-out-trust-fields] autocorrelation-tentative: cannot upgrade, invent, or elevate a claim
ok 564 - [polish:null-out-trust-fields] autocorrelation-tentative: cannot upgrade, invent, or elevate a claim
  ---
  duration_ms: 0.046334
  type: 'test'
  ...
# Subtest: [polish:upgrade-verdict] fdr-demoted-tentative: cannot upgrade, invent, or elevate a claim
ok 565 - [polish:upgrade-verdict] fdr-demoted-tentative: cannot upgrade, invent, or elevate a claim
  ---
  duration_ms: 0.046583
  type: 'test'
  ...
# Subtest: [polish:strip-honest-lead] fdr-demoted-tentative: cannot upgrade, invent, or elevate a claim
ok 566 - [polish:strip-honest-lead] fdr-demoted-tentative: cannot upgrade, invent, or elevate a claim
  ---
  duration_ms: 0.036375
  type: 'test'
  ...
# Subtest: [polish:elevate-naive] fdr-demoted-tentative: cannot upgrade, invent, or elevate a claim
ok 567 - [polish:elevate-naive] fdr-demoted-tentative: cannot upgrade, invent, or elevate a claim
  ---
  duration_ms: 0.3485
  type: 'test'
  ...
# Subtest: [polish:echo-injection-title] fdr-demoted-tentative: cannot upgrade, invent, or elevate a claim
ok 568 - [polish:echo-injection-title] fdr-demoted-tentative: cannot upgrade, invent, or elevate a claim
  ---
  duration_ms: 0.030875
  type: 'test'
  ...
# Subtest: [polish:fabricate-ci] fdr-demoted-tentative: cannot upgrade, invent, or elevate a claim
ok 569 - [polish:fabricate-ci] fdr-demoted-tentative: cannot upgrade, invent, or elevate a claim
  ---
  duration_ms: 0.031875
  type: 'test'
  ...
# Subtest: [polish:null-out-trust-fields] fdr-demoted-tentative: cannot upgrade, invent, or elevate a claim
ok 570 - [polish:null-out-trust-fields] fdr-demoted-tentative: cannot upgrade, invent, or elevate a claim
  ---
  duration_ms: 0.034584
  type: 'test'
  ...
# Subtest: [polish:upgrade-verdict] inverted-metric-confident: cannot upgrade, invent, or elevate a claim
ok 571 - [polish:upgrade-verdict] inverted-metric-confident: cannot upgrade, invent, or elevate a claim
  ---
  duration_ms: 0.036375
  type: 'test'
  ...
# Subtest: [polish:strip-honest-lead] inverted-metric-confident: cannot upgrade, invent, or elevate a claim
ok 572 - [polish:strip-honest-lead] inverted-metric-confident: cannot upgrade, invent, or elevate a claim
  ---
  duration_ms: 0.035167
  type: 'test'
  ...
# Subtest: [polish:elevate-naive] inverted-metric-confident: cannot upgrade, invent, or elevate a claim
ok 573 - [polish:elevate-naive] inverted-metric-confident: cannot upgrade, invent, or elevate a claim
  ---
  duration_ms: 0.031083
  type: 'test'
  ...
# Subtest: [polish:echo-injection-title] inverted-metric-confident: cannot upgrade, invent, or elevate a claim
ok 574 - [polish:echo-injection-title] inverted-metric-confident: cannot upgrade, invent, or elevate a claim
  ---
  duration_ms: 0.027292
  type: 'test'
  ...
# Subtest: [polish:fabricate-ci] inverted-metric-confident: cannot upgrade, invent, or elevate a claim
ok 575 - [polish:fabricate-ci] inverted-metric-confident: cannot upgrade, invent, or elevate a claim
  ---
  duration_ms: 0.031584
  type: 'test'
  ...
# Subtest: [polish:null-out-trust-fields] inverted-metric-confident: cannot upgrade, invent, or elevate a claim
ok 576 - [polish:null-out-trust-fields] inverted-metric-confident: cannot upgrade, invent, or elevate a claim
  ---
  duration_ms: 0.035375
  type: 'test'
  ...
# Subtest: [polish:upgrade-verdict] hype-title-confident: cannot upgrade, invent, or elevate a claim
ok 577 - [polish:upgrade-verdict] hype-title-confident: cannot upgrade, invent, or elevate a claim
  ---
  duration_ms: 0.033667
  type: 'test'
  ...
# Subtest: [polish:strip-honest-lead] hype-title-confident: cannot upgrade, invent, or elevate a claim
ok 578 - [polish:strip-honest-lead] hype-title-confident: cannot upgrade, invent, or elevate a claim
  ---
  duration_ms: 0.034458
  type: 'test'
  ...
# Subtest: [polish:elevate-naive] hype-title-confident: cannot upgrade, invent, or elevate a claim
ok 579 - [polish:elevate-naive] hype-title-confident: cannot upgrade, invent, or elevate a claim
  ---
  duration_ms: 0.031083
  type: 'test'
  ...
# Subtest: [polish:echo-injection-title] hype-title-confident: cannot upgrade, invent, or elevate a claim
ok 580 - [polish:echo-injection-title] hype-title-confident: cannot upgrade, invent, or elevate a claim
  ---
  duration_ms: 0.026958
  type: 'test'
  ...
# Subtest: [polish:fabricate-ci] hype-title-confident: cannot upgrade, invent, or elevate a claim
ok 581 - [polish:fabricate-ci] hype-title-confident: cannot upgrade, invent, or elevate a claim
  ---
  duration_ms: 0.031125
  type: 'test'
  ...
# Subtest: [polish:null-out-trust-fields] hype-title-confident: cannot upgrade, invent, or elevate a claim
ok 582 - [polish:null-out-trust-fields] hype-title-confident: cannot upgrade, invent, or elevate a claim
  ---
  duration_ms: 0.034791
  type: 'test'
  ...
# Subtest: [polish:upgrade-verdict] injection-title-confident: cannot upgrade, invent, or elevate a claim
ok 583 - [polish:upgrade-verdict] injection-title-confident: cannot upgrade, invent, or elevate a claim
  ---
  duration_ms: 0.038333
  type: 'test'
  ...
# Subtest: [polish:strip-honest-lead] injection-title-confident: cannot upgrade, invent, or elevate a claim
ok 584 - [polish:strip-honest-lead] injection-title-confident: cannot upgrade, invent, or elevate a claim
  ---
  duration_ms: 0.037291
  type: 'test'
  ...
# Subtest: [polish:elevate-naive] injection-title-confident: cannot upgrade, invent, or elevate a claim
ok 585 - [polish:elevate-naive] injection-title-confident: cannot upgrade, invent, or elevate a claim
  ---
  duration_ms: 0.034834
  type: 'test'
  ...
# Subtest: [polish:echo-injection-title] injection-title-confident: cannot upgrade, invent, or elevate a claim
ok 586 - [polish:echo-injection-title] injection-title-confident: cannot upgrade, invent, or elevate a claim
  ---
  duration_ms: 0.033375
  type: 'test'
  ...
# Subtest: [polish:fabricate-ci] injection-title-confident: cannot upgrade, invent, or elevate a claim
ok 587 - [polish:fabricate-ci] injection-title-confident: cannot upgrade, invent, or elevate a claim
  ---
  duration_ms: 0.034041
  type: 'test'
  ...
# Subtest: [polish:null-out-trust-fields] injection-title-confident: cannot upgrade, invent, or elevate a claim
ok 588 - [polish:null-out-trust-fields] injection-title-confident: cannot upgrade, invent, or elevate a claim
  ---
  duration_ms: 0.03825
  type: 'test'
  ...
# Subtest: [polish:upgrade-verdict] injection-title-tentative: cannot upgrade, invent, or elevate a claim
ok 589 - [polish:upgrade-verdict] injection-title-tentative: cannot upgrade, invent, or elevate a claim
  ---
  duration_ms: 0.047
  type: 'test'
  ...
# Subtest: [polish:strip-honest-lead] injection-title-tentative: cannot upgrade, invent, or elevate a claim
ok 590 - [polish:strip-honest-lead] injection-title-tentative: cannot upgrade, invent, or elevate a claim
  ---
  duration_ms: 0.035333
  type: 'test'
  ...
# Subtest: [polish:elevate-naive] injection-title-tentative: cannot upgrade, invent, or elevate a claim
ok 591 - [polish:elevate-naive] injection-title-tentative: cannot upgrade, invent, or elevate a claim
  ---
  duration_ms: 0.046
  type: 'test'
  ...
# Subtest: [polish:echo-injection-title] injection-title-tentative: cannot upgrade, invent, or elevate a claim
ok 592 - [polish:echo-injection-title] injection-title-tentative: cannot upgrade, invent, or elevate a claim
  ---
  duration_ms: 0.032041
  type: 'test'
  ...
# Subtest: [polish:fabricate-ci] injection-title-tentative: cannot upgrade, invent, or elevate a claim
ok 593 - [polish:fabricate-ci] injection-title-tentative: cannot upgrade, invent, or elevate a claim
  ---
  duration_ms: 0.032
  type: 'test'
  ...
# Subtest: [polish:null-out-trust-fields] injection-title-tentative: cannot upgrade, invent, or elevate a claim
ok 594 - [polish:null-out-trust-fields] injection-title-tentative: cannot upgrade, invent, or elevate a claim
  ---
  duration_ms: 0.035375
  type: 'test'
  ...
# Subtest: [polish:upgrade-verdict] injection-title-no-effect: cannot upgrade, invent, or elevate a claim
ok 595 - [polish:upgrade-verdict] injection-title-no-effect: cannot upgrade, invent, or elevate a claim
  ---
  duration_ms: 0.031791
  type: 'test'
  ...
# Subtest: [polish:strip-honest-lead] injection-title-no-effect: cannot upgrade, invent, or elevate a claim
ok 596 - [polish:strip-honest-lead] injection-title-no-effect: cannot upgrade, invent, or elevate a claim
  ---
  duration_ms: 0.031333
  type: 'test'
  ...
# Subtest: [polish:elevate-naive] injection-title-no-effect: cannot upgrade, invent, or elevate a claim
ok 597 - [polish:elevate-naive] injection-title-no-effect: cannot upgrade, invent, or elevate a claim
  ---
  duration_ms: 0.029625
  type: 'test'
  ...
# Subtest: [polish:echo-injection-title] injection-title-no-effect: cannot upgrade, invent, or elevate a claim
ok 598 - [polish:echo-injection-title] injection-title-no-effect: cannot upgrade, invent, or elevate a claim
  ---
  duration_ms: 0.028667
  type: 'test'
  ...
# Subtest: [polish:fabricate-ci] injection-title-no-effect: cannot upgrade, invent, or elevate a claim
ok 599 - [polish:fabricate-ci] injection-title-no-effect: cannot upgrade, invent, or elevate a claim
  ---
  duration_ms: 0.029417
  type: 'test'
  ...
# Subtest: [polish:null-out-trust-fields] injection-title-no-effect: cannot upgrade, invent, or elevate a claim
ok 600 - [polish:null-out-trust-fields] injection-title-no-effect: cannot upgrade, invent, or elevate a claim
  ---
  duration_ms: 0.031417
  type: 'test'
  ...
# Subtest: [polish:upgrade-verdict] insufficient-too-few-unknown: cannot upgrade, invent, or elevate a claim
ok 601 - [polish:upgrade-verdict] insufficient-too-few-unknown: cannot upgrade, invent, or elevate a claim
  ---
  duration_ms: 0.027792
  type: 'test'
  ...
# Subtest: [polish:strip-honest-lead] insufficient-too-few-unknown: cannot upgrade, invent, or elevate a claim
ok 602 - [polish:strip-honest-lead] insufficient-too-few-unknown: cannot upgrade, invent, or elevate a claim
  ---
  duration_ms: 0.029291
  type: 'test'
  ...
# Subtest: [polish:elevate-naive] insufficient-too-few-unknown: cannot upgrade, invent, or elevate a claim
ok 603 - [polish:elevate-naive] insufficient-too-few-unknown: cannot upgrade, invent, or elevate a claim
  ---
  duration_ms: 0.026875
  type: 'test'
  ...
# Subtest: [polish:echo-injection-title] insufficient-too-few-unknown: cannot upgrade, invent, or elevate a claim
ok 604 - [polish:echo-injection-title] insufficient-too-few-unknown: cannot upgrade, invent, or elevate a claim
  ---
  duration_ms: 0.024625
  type: 'test'
  ...
# Subtest: [polish:fabricate-ci] insufficient-too-few-unknown: cannot upgrade, invent, or elevate a claim
ok 605 - [polish:fabricate-ci] insufficient-too-few-unknown: cannot upgrade, invent, or elevate a claim
  ---
  duration_ms: 0.028459
  type: 'test'
  ...
# Subtest: [polish:null-out-trust-fields] insufficient-too-few-unknown: cannot upgrade, invent, or elevate a claim
ok 606 - [polish:null-out-trust-fields] insufficient-too-few-unknown: cannot upgrade, invent, or elevate a claim
  ---
  duration_ms: 0.045875
  type: 'test'
  ...
# Subtest: [benign] hype-title-tentative: an honest rephrase is kept, verdict intact
ok 607 - [benign] hype-title-tentative: an honest rephrase is kept, verdict intact
  ---
  duration_ms: 0.409667
  type: 'test'
  ...
# Subtest: [benign] prompt-injection-title-gathering: an honest rephrase is kept, verdict intact
ok 608 - [benign] prompt-injection-title-gathering: an honest rephrase is kept, verdict intact
  ---
  duration_ms: 0.036541
  type: 'test'
  ...
# Subtest: [benign] extreme-lift-confident: an honest rephrase is kept, verdict intact
ok 609 - [benign] extreme-lift-confident: an honest rephrase is kept, verdict intact
  ---
  duration_ms: 0.033416
  type: 'test'
  ...
# Subtest: [benign] extreme-lift-below-floor: an honest rephrase is kept, verdict intact
ok 610 - [benign] extreme-lift-below-floor: an honest rephrase is kept, verdict intact
  ---
  duration_ms: 0.027333
  type: 'test'
  ...
# Subtest: [benign] inconclusive-underpowered: an honest rephrase is kept, verdict intact
ok 611 - [benign] inconclusive-underpowered: an honest rephrase is kept, verdict intact
  ---
  duration_ms: 0.023958
  type: 'test'
  ...
# Subtest: [benign] its-tentative-naive-tight-disagree: an honest rephrase is kept, verdict intact
ok 612 - [benign] its-tentative-naive-tight-disagree: an honest rephrase is kept, verdict intact
  ---
  duration_ms: 0.028208
  type: 'test'
  ...
# Subtest: [benign] its-confident-naive-opposite-disagree: an honest rephrase is kept, verdict intact
ok 613 - [benign] its-confident-naive-opposite-disagree: an honest rephrase is kept, verdict intact
  ---
  duration_ms: 0.102458
  type: 'test'
  ...
# Subtest: [benign] placebo-fired-no-effect: an honest rephrase is kept, verdict intact
ok 614 - [benign] placebo-fired-no-effect: an honest rephrase is kept, verdict intact
  ---
  duration_ms: 0.029583
  type: 'test'
  ...
# Subtest: [benign] placebo-na-confident: an honest rephrase is kept, verdict intact
ok 615 - [benign] placebo-na-confident: an honest rephrase is kept, verdict intact
  ---
  duration_ms: 0.063
  type: 'test'
  ...
# Subtest: [benign] confounded-no-effect: an honest rephrase is kept, verdict intact
ok 616 - [benign] confounded-no-effect: an honest rephrase is kept, verdict intact
  ---
  duration_ms: 0.02925
  type: 'test'
  ...
# Subtest: [benign] degenerate-unknown-injection-title: an honest rephrase is kept, verdict intact
ok 617 - [benign] degenerate-unknown-injection-title: an honest rephrase is kept, verdict intact
  ---
  duration_ms: 0.435792
  type: 'test'
  ...
# Subtest: [benign] autocorrelation-tentative: an honest rephrase is kept, verdict intact
ok 618 - [benign] autocorrelation-tentative: an honest rephrase is kept, verdict intact
  ---
  duration_ms: 0.0625
  type: 'test'
  ...
# Subtest: [benign] fdr-demoted-tentative: an honest rephrase is kept, verdict intact
ok 619 - [benign] fdr-demoted-tentative: an honest rephrase is kept, verdict intact
  ---
  duration_ms: 0.038334
  type: 'test'
  ...
# Subtest: [benign] inverted-metric-confident: an honest rephrase is kept, verdict intact
ok 620 - [benign] inverted-metric-confident: an honest rephrase is kept, verdict intact
  ---
  duration_ms: 0.032333
  type: 'test'
  ...
# Subtest: [benign] hype-title-confident: an honest rephrase is kept, verdict intact
ok 621 - [benign] hype-title-confident: an honest rephrase is kept, verdict intact
  ---
  duration_ms: 0.031584
  type: 'test'
  ...
# Subtest: [benign] injection-title-confident: an honest rephrase is kept, verdict intact
ok 622 - [benign] injection-title-confident: an honest rephrase is kept, verdict intact
  ---
  duration_ms: 0.037834
  type: 'test'
  ...
# Subtest: [benign] injection-title-tentative: an honest rephrase is kept, verdict intact
ok 623 - [benign] injection-title-tentative: an honest rephrase is kept, verdict intact
  ---
  duration_ms: 0.030541
  type: 'test'
  ...
# Subtest: [benign] injection-title-no-effect: an honest rephrase is kept, verdict intact
ok 624 - [benign] injection-title-no-effect: an honest rephrase is kept, verdict intact
  ---
  duration_ms: 0.031333
  type: 'test'
  ...
# Subtest: [benign] insufficient-too-few-unknown: an honest rephrase is kept, verdict intact
ok 625 - [benign] insufficient-too-few-unknown: an honest rephrase is kept, verdict intact
  ---
  duration_ms: 0.101292
  type: 'test'
  ...
# Subtest: placebo-N/A confident readout never invents a placebo/falsification narrative
ok 626 - placebo-N/A confident readout never invents a placebo/falsification narrative
  ---
  duration_ms: 0.153625
  type: 'test'
  ...
# Subtest: placebo-fired no-effect readout DOES name the falsification check
ok 627 - placebo-fired no-effect readout DOES name the falsification check
  ---
  duration_ms: 0.052125
  type: 'test'
  ...
# Subtest: sanitizeActionTitle neutralizes every adversarial title so it never trips the guard
ok 628 - sanitizeActionTitle neutralizes every adversarial title so it never trips the guard
  ---
  duration_ms: 0.152708
  type: 'test'
  ...
# Subtest: sanitizeActionTitle leaves an honest title untouched (no over-redaction)
ok 629 - sanitizeActionTitle leaves an honest title untouched (no over-redaction)
  ---
  duration_ms: 0.028
  type: 'test'
  ...
# Subtest: a confident readout with an injection title never surfaces the toxic tokens in prose
ok 630 - a confident readout with an injection title never surfaces the toxic tokens in prose
  ---
  duration_ms: 0.067
  type: 'test'
  ...
# Subtest: violatesHonestyClaim flags manufactured certainty but not the core's honest phrasings
ok 631 - violatesHonestyClaim flags manufactured certainty but not the core's honest phrasings
  ---
  duration_ms: 0.05
  type: 'test'
  ...
# (node:48637) [MODULE_TYPELESS_PACKAGE_JSON] Warning: Module type of file:///Users/adamowens/.codex/worktrees/b3ce/causent/lib/summary/__tests__/generate.test.ts is not specified and it doesn't parse as CommonJS.
# Reparsing as ES module because module syntax was detected. This incurs a performance overhead.
# To eliminate this warning, add "type": "module" to /Users/adamowens/.codex/worktrees/b3ce/causent/package.json.
# (Use `node --trace-warnings ...` to show where the warning was created)
# Subtest: every summary names the OLS ITS method and never omits it
ok 632 - every summary names the OLS ITS method and never omits it
  ---
  duration_ms: 1.351208
  type: 'test'
  ...
# Subtest: a confident readout leads with 'Estimated impact, not proven' — never 'proven'
ok 633 - a confident readout leads with 'Estimated impact, not proven' — never 'proven'
  ---
  duration_ms: 0.076917
  type: 'test'
  ...
# Subtest: a tentative readout still leads with the estimated/not-proven caveat
ok 634 - a tentative readout still leads with the estimated/not-proven caveat
  ---
  duration_ms: 0.130292
  type: 'test'
  ...
# Subtest: INSUFFICIENT_HISTORY resolves to gathering-data with no causal claim
ok 635 - INSUFFICIENT_HISTORY resolves to gathering-data with no causal claim
  ---
  duration_ms: 0.128375
  type: 'test'
  ...
# Subtest: below-floor n on EITHER side alone triggers gathering-data
ok 636 - below-floor n on EITHER side alone triggers gathering-data
  ---
  duration_ms: 0.048458
  type: 'test'
  ...
# Subtest: a belief 1.0 handed in BELOW the floor is defensively downgraded to gathering-data
ok 637 - a belief 1.0 handed in BELOW the floor is defensively downgraded to gathering-data
  ---
  duration_ms: 0.189375
  type: 'test'
  ...
# Subtest: the naive method NEVER upgrades a tentative ITS to confident
ok 638 - the naive method NEVER upgrades a tentative ITS to confident
  ---
  duration_ms: 0.064084
  type: 'test'
  ...
# Subtest: the descriptive cross-check is labelled descriptive and denied superior trust
ok 639 - the descriptive cross-check is labelled descriptive and denied superior trust
  ---
  duration_ms: 0.177334
  type: 'test'
  ...
# Subtest: a tight naive CI over a tentative ITS widens the caveat, not the claim
ok 640 - a tight naive CI over a tentative ITS widens the caveat, not the claim
  ---
  duration_ms: 0.249333
  type: 'test'
  ...
# Subtest: opposite-sign ITS and naive lifts flag disagreement and widen the caveat
ok 641 - opposite-sign ITS and naive lifts flag disagreement and widen the caveat
  ---
  duration_ms: 0.735708
  type: 'test'
  ...
# Subtest: agreeing ITS and naive do NOT widen the caveat
ok 642 - agreeing ITS and naive do NOT widen the caveat
  ---
  duration_ms: 0.143625
  type: 'test'
  ...
# Subtest: belief 0.0 with a fired placebo reads as no credible effect
ok 643 - belief 0.0 with a fired placebo reads as no credible effect
  ---
  duration_ms: 0.084833
  type: 'test'
  ...
# Subtest: a CONFOUNDED readout attributes the miss to co-temporal changes
ok 644 - a CONFOUNDED readout attributes the miss to co-temporal changes
  ---
  duration_ms: 0.059041
  type: 'test'
  ...
# Subtest: a DEGENERATE fit is 'not evaluable', not zero and not a claim
ok 645 - a DEGENERATE fit is 'not evaluable', not zero and not a claim
  ---
  duration_ms: 0.050375
  type: 'test'
  ...
# Subtest: INSUFFICIENT (too few points to fit) is unknown, not gathering-data
ok 646 - INSUFFICIENT (too few points to fit) is unknown, not gathering-data
  ---
  duration_ms: 0.031458
  type: 'test'
  ...
# Subtest: AUTOCORRELATION and FDR_DEMOTED tentatives explain themselves distinctly
ok 647 - AUTOCORRELATION and FDR_DEMOTED tentatives explain themselves distinctly
  ---
  duration_ms: 0.069583
  type: 'test'
  ...
# Subtest: a NEGATIVE effect on an inverted metric reads as a positive outcome
ok 648 - a NEGATIVE effect on an inverted metric reads as a positive outcome
  ---
  duration_ms: 0.069625
  type: 'test'
  ...
# Subtest: formatDelta renders signed native-unit deltas per metric format
ok 649 - formatDelta renders signed native-unit deltas per metric format
  ---
  duration_ms: 0.06275
  type: 'test'
  ...
# Subtest: the noop polisher yields a verdict identical to the deterministic core
ok 650 - the noop polisher yields a verdict identical to the deterministic core
  ---
  duration_ms: 1.112458
  type: 'test'
  ...
# Subtest: an adversarial polisher can NEVER upgrade or invent a claim
ok 651 - an adversarial polisher can NEVER upgrade or invent a claim
  ---
  duration_ms: 0.099625
  type: 'test'
  ...
# Subtest: enforceInvariants keeps polished prose when it preserves the honest lead
ok 652 - enforceInvariants keeps polished prose when it preserves the honest lead
  ---
  duration_ms: 0.061875
  type: 'test'
  ...
# (node:48638) [MODULE_TYPELESS_PACKAGE_JSON] Warning: Module type of file:///Users/adamowens/.codex/worktrees/b3ce/causent/lib/summary/__tests__/live-polish.test.ts is not specified and it doesn't parse as CommonJS.
# Reparsing as ES module because module syntax was detected. This incurs a performance overhead.
# To eliminate this warning, add "type": "module" to /Users/adamowens/.codex/worktrees/b3ce/causent/package.json.
# (Use `node --trace-warnings ...` to show where the warning was created)
# Subtest: [live] hype-title-tentative: the real model cannot break the guardrail
ok 653 - [live] hype-title-tentative: the real model cannot break the guardrail # SKIP set RUN_LIVE_POLISH=1 and ANTHROPIC_API_KEY to run
  ---
  duration_ms: 0.540292
  type: 'test'
  ...
# Subtest: [live] prompt-injection-title-gathering: the real model cannot break the guardrail
ok 654 - [live] prompt-injection-title-gathering: the real model cannot break the guardrail # SKIP set RUN_LIVE_POLISH=1 and ANTHROPIC_API_KEY to run
  ---
  duration_ms: 0.045166
  type: 'test'
  ...
# Subtest: [live] extreme-lift-confident: the real model cannot break the guardrail
ok 655 - [live] extreme-lift-confident: the real model cannot break the guardrail # SKIP set RUN_LIVE_POLISH=1 and ANTHROPIC_API_KEY to run
  ---
  duration_ms: 0.034209
  type: 'test'
  ...
# Subtest: [live] extreme-lift-below-floor: the real model cannot break the guardrail
ok 656 - [live] extreme-lift-below-floor: the real model cannot break the guardrail # SKIP set RUN_LIVE_POLISH=1 and ANTHROPIC_API_KEY to run
  ---
  duration_ms: 0.04275
  type: 'test'
  ...
# Subtest: [live] inconclusive-underpowered: the real model cannot break the guardrail
ok 657 - [live] inconclusive-underpowered: the real model cannot break the guardrail # SKIP set RUN_LIVE_POLISH=1 and ANTHROPIC_API_KEY to run
  ---
  duration_ms: 0.037041
  type: 'test'
  ...
# Subtest: [live] its-tentative-naive-tight-disagree: the real model cannot break the guardrail
ok 658 - [live] its-tentative-naive-tight-disagree: the real model cannot break the guardrail # SKIP set RUN_LIVE_POLISH=1 and ANTHROPIC_API_KEY to run
  ---
  duration_ms: 0.030542
  type: 'test'
  ...
# Subtest: [live] its-confident-naive-opposite-disagree: the real model cannot break the guardrail
ok 659 - [live] its-confident-naive-opposite-disagree: the real model cannot break the guardrail # SKIP set RUN_LIVE_POLISH=1 and ANTHROPIC_API_KEY to run
  ---
  duration_ms: 0.027041
  type: 'test'
  ...
# Subtest: [live] placebo-fired-no-effect: the real model cannot break the guardrail
ok 660 - [live] placebo-fired-no-effect: the real model cannot break the guardrail # SKIP set RUN_LIVE_POLISH=1 and ANTHROPIC_API_KEY to run
  ---
  duration_ms: 0.029458
  type: 'test'
  ...
# Subtest: [live] placebo-na-confident: the real model cannot break the guardrail
ok 661 - [live] placebo-na-confident: the real model cannot break the guardrail # SKIP set RUN_LIVE_POLISH=1 and ANTHROPIC_API_KEY to run
  ---
  duration_ms: 0.201
  type: 'test'
  ...
# Subtest: [live] confounded-no-effect: the real model cannot break the guardrail
ok 662 - [live] confounded-no-effect: the real model cannot break the guardrail # SKIP set RUN_LIVE_POLISH=1 and ANTHROPIC_API_KEY to run
  ---
  duration_ms: 0.561458
  type: 'test'
  ...
# Subtest: [live] degenerate-unknown-injection-title: the real model cannot break the guardrail
ok 663 - [live] degenerate-unknown-injection-title: the real model cannot break the guardrail # SKIP set RUN_LIVE_POLISH=1 and ANTHROPIC_API_KEY to run
  ---
  duration_ms: 0.08525
  type: 'test'
  ...
# Subtest: [live] autocorrelation-tentative: the real model cannot break the guardrail
ok 664 - [live] autocorrelation-tentative: the real model cannot break the guardrail # SKIP set RUN_LIVE_POLISH=1 and ANTHROPIC_API_KEY to run
  ---
  duration_ms: 0.028292
  type: 'test'
  ...
# Subtest: [live] fdr-demoted-tentative: the real model cannot break the guardrail
ok 665 - [live] fdr-demoted-tentative: the real model cannot break the guardrail # SKIP set RUN_LIVE_POLISH=1 and ANTHROPIC_API_KEY to run
  ---
  duration_ms: 0.020792
  type: 'test'
  ...
# Subtest: [live] inverted-metric-confident: the real model cannot break the guardrail
ok 666 - [live] inverted-metric-confident: the real model cannot break the guardrail # SKIP set RUN_LIVE_POLISH=1 and ANTHROPIC_API_KEY to run
  ---
  duration_ms: 0.0195
  type: 'test'
  ...
# Subtest: [live] hype-title-confident: the real model cannot break the guardrail
ok 667 - [live] hype-title-confident: the real model cannot break the guardrail # SKIP set RUN_LIVE_POLISH=1 and ANTHROPIC_API_KEY to run
  ---
  duration_ms: 0.0185
  type: 'test'
  ...
# Subtest: [live] injection-title-confident: the real model cannot break the guardrail
ok 668 - [live] injection-title-confident: the real model cannot break the guardrail # SKIP set RUN_LIVE_POLISH=1 and ANTHROPIC_API_KEY to run
  ---
  duration_ms: 0.0195
  type: 'test'
  ...
# Subtest: [live] injection-title-tentative: the real model cannot break the guardrail
ok 669 - [live] injection-title-tentative: the real model cannot break the guardrail # SKIP set RUN_LIVE_POLISH=1 and ANTHROPIC_API_KEY to run
  ---
  duration_ms: 0.017875
  type: 'test'
  ...
# Subtest: [live] injection-title-no-effect: the real model cannot break the guardrail
ok 670 - [live] injection-title-no-effect: the real model cannot break the guardrail # SKIP set RUN_LIVE_POLISH=1 and ANTHROPIC_API_KEY to run
  ---
  duration_ms: 0.017583
  type: 'test'
  ...
# Subtest: [live] insufficient-too-few-unknown: the real model cannot break the guardrail
ok 671 - [live] insufficient-too-few-unknown: the real model cannot break the guardrail # SKIP set RUN_LIVE_POLISH=1 and ANTHROPIC_API_KEY to run
  ---
  duration_ms: 0.019792
  type: 'test'
  ...
# (node:48639) [MODULE_TYPELESS_PACKAGE_JSON] Warning: Module type of file:///Users/adamowens/.codex/worktrees/b3ce/causent/lib/summary/__tests__/regression.test.ts is not specified and it doesn't parse as CommonJS.
# Reparsing as ES module because module syntax was detected. This incurs a performance overhead.
# To eliminate this warning, add "type": "module" to /Users/adamowens/.codex/worktrees/b3ce/causent/package.json.
# (Use `node --trace-warnings ...` to show where the warning was created)
# Subtest: golden covers exactly the current scenario set (no drift in coverage)
ok 672 - golden covers exactly the current scenario set (no drift in coverage)
  ---
  duration_ms: 0.792416
  type: 'test'
  ...
# Subtest: [golden] hype-title-tentative: summary matches the locked baseline
ok 673 - [golden] hype-title-tentative: summary matches the locked baseline
  ---
  duration_ms: 0.115375
  type: 'test'
  ...
# Subtest: [golden] prompt-injection-title-gathering: summary matches the locked baseline
ok 674 - [golden] prompt-injection-title-gathering: summary matches the locked baseline
  ---
  duration_ms: 0.378875
  type: 'test'
  ...
# Subtest: [golden] extreme-lift-confident: summary matches the locked baseline
ok 675 - [golden] extreme-lift-confident: summary matches the locked baseline
  ---
  duration_ms: 0.039583
  type: 'test'
  ...
# Subtest: [golden] extreme-lift-below-floor: summary matches the locked baseline
ok 676 - [golden] extreme-lift-below-floor: summary matches the locked baseline
  ---
  duration_ms: 0.099125
  type: 'test'
  ...
# Subtest: [golden] inconclusive-underpowered: summary matches the locked baseline
ok 677 - [golden] inconclusive-underpowered: summary matches the locked baseline
  ---
  duration_ms: 0.036375
  type: 'test'
  ...
# Subtest: [golden] its-tentative-naive-tight-disagree: summary matches the locked baseline
ok 678 - [golden] its-tentative-naive-tight-disagree: summary matches the locked baseline
  ---
  duration_ms: 0.087791
  type: 'test'
  ...
# Subtest: [golden] its-confident-naive-opposite-disagree: summary matches the locked baseline
ok 679 - [golden] its-confident-naive-opposite-disagree: summary matches the locked baseline
  ---
  duration_ms: 0.037167
  type: 'test'
  ...
# Subtest: [golden] placebo-fired-no-effect: summary matches the locked baseline
ok 680 - [golden] placebo-fired-no-effect: summary matches the locked baseline
  ---
  duration_ms: 0.360583
  type: 'test'
  ...
# Subtest: [golden] placebo-na-confident: summary matches the locked baseline
ok 681 - [golden] placebo-na-confident: summary matches the locked baseline
  ---
  duration_ms: 0.313625
  type: 'test'
  ...
# Subtest: [golden] confounded-no-effect: summary matches the locked baseline
ok 682 - [golden] confounded-no-effect: summary matches the locked baseline
  ---
  duration_ms: 0.084417
  type: 'test'
  ...
# Subtest: [golden] degenerate-unknown-injection-title: summary matches the locked baseline
ok 683 - [golden] degenerate-unknown-injection-title: summary matches the locked baseline
  ---
  duration_ms: 0.032
  type: 'test'
  ...
# Subtest: [golden] autocorrelation-tentative: summary matches the locked baseline
ok 684 - [golden] autocorrelation-tentative: summary matches the locked baseline
  ---
  duration_ms: 0.024292
  type: 'test'
  ...
# Subtest: [golden] fdr-demoted-tentative: summary matches the locked baseline
ok 685 - [golden] fdr-demoted-tentative: summary matches the locked baseline
  ---
  duration_ms: 0.021625
  type: 'test'
  ...
# Subtest: [golden] inverted-metric-confident: summary matches the locked baseline
ok 686 - [golden] inverted-metric-confident: summary matches the locked baseline
  ---
  duration_ms: 0.021125
  type: 'test'
  ...
# Subtest: [golden] hype-title-confident: summary matches the locked baseline
ok 687 - [golden] hype-title-confident: summary matches the locked baseline
  ---
  duration_ms: 0.020209
  type: 'test'
  ...
# Subtest: [golden] injection-title-confident: summary matches the locked baseline
ok 688 - [golden] injection-title-confident: summary matches the locked baseline
  ---
  duration_ms: 0.02025
  type: 'test'
  ...
# Subtest: [golden] injection-title-tentative: summary matches the locked baseline
ok 689 - [golden] injection-title-tentative: summary matches the locked baseline
  ---
  duration_ms: 0.025542
  type: 'test'
  ...
# Subtest: [golden] injection-title-no-effect: summary matches the locked baseline
ok 690 - [golden] injection-title-no-effect: summary matches the locked baseline
  ---
  duration_ms: 0.025167
  type: 'test'
  ...
# Subtest: [golden] insufficient-too-few-unknown: summary matches the locked baseline
ok 691 - [golden] insufficient-too-few-unknown: summary matches the locked baseline
  ---
  duration_ms: 0.019875
  type: 'test'
  ...
1..691
# tests 707
# suites 7
# pass 688
# fail 0
# cancelled 0
# skipped 19
# todo 0
# duration_ms 12121.377917
